Atmosphere.atmosphere, modules/runtime/src/main/java/org/atmosphere/runtime/AtmosphereResourceImpl.java, 339, 80fa3080b958523cf754f0523150acbf09e4bb78, 2e8f3e90628539b61732f881e20f6e9389ef28a5
Atmosphere.atmosphere, modules/runtime/src/main/java/org/atmosphere/runtime/AtmosphereResourceImpl.java, 339, 1a6d1e4fffd6724334143354a1abfcf6719f0cf4, 2e8f3e90628539b61732f881e20f6e9389ef28a5
Atmosphere.atmosphere, modules/cpr/src/main/java/org/atmosphere/interceptor/IdleResourceInterceptor.java, 90, deabd5b0187c1825c686c7f6a593db918bd043dc, 773f6cef58630ce1ef99105030ceaffb40330c33
Atmosphere.atmosphere, modules/cpr/src/main/java/org/atmosphere/interceptor/IdleResourceInterceptor.java, 90, deabd5b0187c1825c686c7f6a593db918bd043dc, 773f6cef58630ce1ef99105030ceaffb40330c33
Atmosphere.atmosphere, modules/cpr/src/main/java/org/atmosphere/cpr/AtmosphereFramework.java, 1795, 70ceda9740cbc5504d5ebaf2191dd706925760c8, ee76d0103577400cb0a40da5c1ebffddfe972e5f
Atmosphere.atmosphere, modules/cpr/src/main/java/org/atmosphere/util/IOUtils.java, 368, 77e17fdb6dabe786f970f44602e297a5e0089e8c, 3431fa353d63b056c490367f465fa0a091d3a717
Atmosphere.atmosphere, modules/cpr/src/main/java/org/atmosphere/cpr/AtmosphereFramework.java, 1337, 2355977a614aa8bc281c7384e9e15f86d33cacec, fe7460124f310f51a1dd18e51eec5723d44a03a1
Atmosphere.atmosphere, modules/cpr/src/main/java/org/atmosphere/websocket/DefaultWebSocketProcessor.java, 657, c3cfa5cf9d6a549117a3e84d5ae941ae15d2d92c, cbbbcabbf15f0e227396fc04bd5ff632235e3b7e
Atmosphere.atmosphere, modules/cpr/src/main/java/org/atmosphere/cpr/AtmosphereResponse.java, 628, a625b796f26de1f9b6201abe28c5571835e5f3a2, 2d04bbc0fc9cef4dfe61895a32c235e40acd746a
Atmosphere.atmosphere, modules/cpr/src/main/java/org/atmosphere/cpr/AtmosphereFramework.java, 1774, 42fa2f2fa4a95d30263d4f69a7d8f792c3591368, 3eeed40b05cdf9c804056ac246500a56f7d43bd0
Atmosphere.atmosphere, modules/cpr/src/main/java/org/atmosphere/cpr/AtmosphereFramework.java, 1227, 4a19c2c078ddf5484e0cb8c1ac075451f158fa40, 82ae50ebe6e86c845a93ed7b6eead3409beed643
Atmosphere.atmosphere, modules/cpr/src/main/java/org/atmosphere/cpr/AtmosphereFramework.java, 1235, 4a19c2c078ddf5484e0cb8c1ac075451f158fa40, 82ae50ebe6e86c845a93ed7b6eead3409beed643
Atmosphere.atmosphere, modules/cpr/src/main/java/org/atmosphere/cpr/AtmosphereFramework.java, 1238, 4a19c2c078ddf5484e0cb8c1ac075451f158fa40, 82ae50ebe6e86c845a93ed7b6eead3409beed643
Atmosphere.atmosphere, modules/cpr/src/main/java/org/atmosphere/cpr/AtmosphereFramework.java, 1247, 4a19c2c078ddf5484e0cb8c1ac075451f158fa40, 82ae50ebe6e86c845a93ed7b6eead3409beed643
Atmosphere.atmosphere, modules/cpr/src/main/java/org/atmosphere/pool/UnboundedApachePoolableProvider.java, 69, 7692923b6fe8b8ef72ebd628e28fa1aeaf11861d, 3221de4a6c7376b085a2078ee32e6437f1303259
Atmosphere.atmosphere, modules/cpr/src/main/java/org/atmosphere/pool/UnboundedApachePoolableProvider.java, 69, 7692923b6fe8b8ef72ebd628e28fa1aeaf11861d, 3221de4a6c7376b085a2078ee32e6437f1303259
Atmosphere.atmosphere, modules/cpr/src/main/java/org/atmosphere/pool/UnboundedApachePoolableProvider.java, 82, 7692923b6fe8b8ef72ebd628e28fa1aeaf11861d, 3221de4a6c7376b085a2078ee32e6437f1303259
Atmosphere.atmosphere, modules/cpr/src/main/java/org/atmosphere/pool/UnboundedApachePoolableProvider.java, 82, 7692923b6fe8b8ef72ebd628e28fa1aeaf11861d, 3221de4a6c7376b085a2078ee32e6437f1303259
Atmosphere.atmosphere, modules/cpr/src/main/java/org/atmosphere/container/TomcatWebSocketUtil.java, 163, d2a86ac39f8a01f40dad23801e4f98c4ed772100, 961b3c7b2880eca1c46fa91aeb03ef6881d6a4f3
Atmosphere.atmosphere, modules/cpr/src/main/java/org/atmosphere/container/TomcatWebSocketUtil.java, 163, d2a86ac39f8a01f40dad23801e4f98c4ed772100, 961b3c7b2880eca1c46fa91aeb03ef6881d6a4f3
Atmosphere.atmosphere, modules/cpr/src/main/java/org/atmosphere/interceptor/CorsInterceptor.java, 43, 1e757414b3767a8e91c21d4ede5c40baa94550fd, 684e06cee45b84cb6cbce9f05146119f9998df37
Atmosphere.atmosphere, modules/cpr/src/main/java/org/atmosphere/cpr/DefaultAtmosphereResourceFactory.java, 280, 43835eac144a13881b45d63bed0bfcd0147fc506, 0b91f4a60b28e234b805a748ddcb2be06b3f9c4e
Atmosphere.atmosphere, modules/cpr/src/main/java/org/atmosphere/cpr/DefaultAtmosphereResourceFactory.java, 280, 43835eac144a13881b45d63bed0bfcd0147fc506, 0b91f4a60b28e234b805a748ddcb2be06b3f9c4e
Atmosphere.atmosphere, modules/cpr/src/main/java/org/atmosphere/cpr/DefaultAtmosphereResourceFactory.java, 90, 1a9bb447fd14415ef270f3dd7af8a0d4e0017177, 20f724d2f2fab6996c7588e6d0115f35bfde8d32
Atmosphere.atmosphere, modules/cpr/src/main/java/org/atmosphere/cpr/DefaultAtmosphereResourceFactory.java, 117, 1a9bb447fd14415ef270f3dd7af8a0d4e0017177, 20f724d2f2fab6996c7588e6d0115f35bfde8d32
Atmosphere.atmosphere, modules/cpr/src/main/java/org/atmosphere/cpr/DefaultAtmosphereResourceFactory.java, 138, 1a9bb447fd14415ef270f3dd7af8a0d4e0017177, 20f724d2f2fab6996c7588e6d0115f35bfde8d32
Atmosphere.atmosphere, modules/cpr/src/main/java/org/atmosphere/cpr/DefaultAtmosphereResourceFactory.java, 223, 1a9bb447fd14415ef270f3dd7af8a0d4e0017177, 20f724d2f2fab6996c7588e6d0115f35bfde8d32
Atmosphere.atmosphere, modules/cpr/src/main/java/org/atmosphere/cpr/DefaultAtmosphereResourceFactory.java, 223, 1a9bb447fd14415ef270f3dd7af8a0d4e0017177, 20f724d2f2fab6996c7588e6d0115f35bfde8d32
Atmosphere.atmosphere, modules/cpr/src/main/java/org/atmosphere/cpr/DefaultAtmosphereResourceFactory.java, 238, 1a9bb447fd14415ef270f3dd7af8a0d4e0017177, 20f724d2f2fab6996c7588e6d0115f35bfde8d32
Atmosphere.atmosphere, modules/cpr/src/main/java/org/atmosphere/websocket/DefaultWebSocketProcessor.java, 592, 74b38bfaf709d46b78f4e30849eba950666a1684, d95c0dcd1ce5f6f761c28beaed08ce54616ad66f
Atmosphere.atmosphere, modules/cpr/src/main/java/org/atmosphere/util/annotation/AnnotationDetector.java, 191, 69f4d46a6b7d8134c5f0b0c238658d00be40c2b3, 5fa26feeb4ecdafcc2e20fc49507fa6d139603de
Atmosphere.atmosphere, modules/cpr/src/main/java/org/atmosphere/handler/AbstractReflectorAtmosphereHandler.java, 168, c6a6bbddaed161c8637a155ea655be2702492a84, aa464cf122ab9114a8a05acb7ce5fe119a337109
Atmosphere.atmosphere, modules/cpr/src/main/java/org/atmosphere/handler/AbstractReflectorAtmosphereHandler.java, 168, c6a6bbddaed161c8637a155ea655be2702492a84, aa464cf122ab9114a8a05acb7ce5fe119a337109
Atmosphere.atmosphere, modules/cpr/src/main/java/org/atmosphere/container/JBossWebCometSupport.java, 155, 144599323abb2666d2226773d46a2cc26faa83ec, 0931db176963ca3f16886b64edd3d6579fdfe046
Atmosphere.atmosphere, modules/cpr/src/main/java/org/atmosphere/cpr/AtmosphereResourceImpl.java, 121, 28ba4cee88e6eb983244cb85dcd91e5f150f7e32, afdea2f442589013487b23008f40d7c05a0ba150
Atmosphere.atmosphere, modules/cpr/src/main/java/org/atmosphere/cpr/AtmosphereResourceImpl.java, 247, 72f919246228950fb80eee5c119292bed331633e, 440ac60d2c8128b9142258c864ec8d780260caf6
Atmosphere.atmosphere, modules/cpr/src/main/java/org/atmosphere/cpr/AtmosphereResourceImpl.java, 247, 72f919246228950fb80eee5c119292bed331633e, 440ac60d2c8128b9142258c864ec8d780260caf6
Atmosphere.atmosphere, modules/cpr/src/main/java/org/atmosphere/websocket/DefaultWebSocketProcessor.java, 612, 854af53a74b461754392f0b9e854e8fefe8c0ade, d038f3abff680835cd2d9d4d9e68428dee0e15dd
Atmosphere.atmosphere, modules/cpr/src/main/java/org/atmosphere/websocket/DefaultWebSocketProcessor.java, 647, 0bf18ee3843b60bbd95b5d4dac20a1ab505a2f41, 8c07e2d1a96ec1adea9bc06bc86df366368cffa2
Atmosphere.atmosphere, modules/cpr/src/main/java/org/atmosphere/interceptor/JavaScriptProtocol.java, 94, 50418466a40024d626e2fce8e87693305be3958e, ce24d9cd009fbb0ae661075567427d04cd169882
Atmosphere.atmosphere, modules/cpr/src/main/java/org/atmosphere/interceptor/JavaScriptProtocol.java, 94, 50418466a40024d626e2fce8e87693305be3958e, ce24d9cd009fbb0ae661075567427d04cd169882
Atmosphere.atmosphere, modules/cpr/src/main/java/org/atmosphere/cpr/AtmosphereServlet.java, 90, 6254d02c9aabf3da676b4073158f3b2a12e0ef41, 5eeb10aa130010234e1bf7b37f860a74abcd4a78
Atmosphere.atmosphere, modules/cpr/src/main/java/org/atmosphere/cpr/AsynchronousProcessor.java, 420, 7d8950aebe5801a466e215cfcc023b10c818e3ca, 752b4638c65750d542fc85c2b223573400f29963
Atmosphere.atmosphere, modules/cpr/src/main/java/org/atmosphere/cpr/AsynchronousProcessor.java, 420, 7d8950aebe5801a466e215cfcc023b10c818e3ca, 752b4638c65750d542fc85c2b223573400f29963
Atmosphere.atmosphere, modules/cpr/src/main/java/org/atmosphere/container/JSR356AsyncSupport.java, 56, e87c925a50c793e04e8791259fddcf218ae704c8, 80f5b90a358a3aa89b58d59554ddeb5aef28c014
Atmosphere.atmosphere, modules/cpr/src/main/java/org/atmosphere/cpr/AtmosphereResourceFactory.java, 242, 42e0782a5258626a58177d154ca0cf3da87cdf7a, bb5632018ea2adeac29e0e5fa2397e04edc21b71
Atmosphere.atmosphere, modules/cpr/src/main/java/org/atmosphere/cpr/AtmosphereResourceFactory.java, 242, 42e0782a5258626a58177d154ca0cf3da87cdf7a, bb5632018ea2adeac29e0e5fa2397e04edc21b71
Atmosphere.atmosphere, modules/cpr/src/main/java/org/atmosphere/cache/HeaderBroadcasterCache.java, 45, 94e4b5926b4c263f4cf5e6ad545a4bb03077b9a5, 488c6746c5b88270f92193128cfe7be6f19ab874
Atmosphere.atmosphere, modules/cpr/src/main/java/org/atmosphere/container/version/Jetty9WebSocket.java, 41, 5cdfcd29a2d89e658f5f37aad3deb6130eeb47af, 50035429f8123e8be3c7068c4899e95c13b8bac3
Atmosphere.atmosphere, modules/cpr/src/main/java/org/atmosphere/container/version/Jetty9WebSocket.java, 41, 5cdfcd29a2d89e658f5f37aad3deb6130eeb47af, 50035429f8123e8be3c7068c4899e95c13b8bac3
Atmosphere.atmosphere, modules/cpr/src/main/java/org/atmosphere/container/version/Jetty9WebSocket.java, 47, 5cdfcd29a2d89e658f5f37aad3deb6130eeb47af, 50035429f8123e8be3c7068c4899e95c13b8bac3
Atmosphere.atmosphere, modules/cpr/src/main/java/org/atmosphere/container/version/Jetty9WebSocket.java, 47, 5cdfcd29a2d89e658f5f37aad3deb6130eeb47af, 50035429f8123e8be3c7068c4899e95c13b8bac3
Atmosphere.atmosphere, modules/cpr/src/main/java/org/atmosphere/cpr/AtmosphereRequest.java, 694, d637cd2180f38f02f806773debf614feba7e5a1f, d2714e9a1a74b51b5177ce9f72e3aa4bc977dfd2
Atmosphere.atmosphere, modules/cpr/src/main/java/org/atmosphere/cpr/DefaultBroadcasterFactory.java, 223, b2b03c23b19619735d114bb2fdd52c69831d776e, e53e773ef7131b9a7cd1cbdf319c2599109965fe
Atmosphere.atmosphere, modules/cpr/src/main/java/org/atmosphere/cpr/DefaultBroadcaster.java, 998, 0aaa94462bb08336d43b9c8becbbd538108fa318, 1cf1eede8056f6676abe5e60c365a32672a1a43b
Atmosphere.atmosphere, modules/cpr/src/main/java/org/atmosphere/cpr/DefaultBroadcaster.java, 998, 0aaa94462bb08336d43b9c8becbbd538108fa318, 1cf1eede8056f6676abe5e60c365a32672a1a43b
Atmosphere.atmosphere, modules/cpr/src/main/java/org/atmosphere/cpr/AtmosphereFramework.java, 881, 9a846bb164140f14f649f29becc71919bbbd3ca4, 1c8f40558c1d7d39d69f22fa55ec047e2dd4328d
Atmosphere.atmosphere, modules/cpr/src/main/java/org/atmosphere/cpr/AtmosphereFramework.java, 881, 9a846bb164140f14f649f29becc71919bbbd3ca4, 1c8f40558c1d7d39d69f22fa55ec047e2dd4328d
Atmosphere.atmosphere, modules/cpr/src/main/java/org/atmosphere/cpr/AtmosphereResourceEventListenerAdapter.java, 28, 45b12e33e61bbddc5973995f9fcbbdff9d87ccdb, d1a6e92bd22fd191aab0530e4fc2d2e751a5e6bd
Atmosphere.atmosphere, modules/cpr/src/main/java/org/atmosphere/container/JBossWebSocketHandler.java, 79, ccbc0a97414992cb1b7d84a2283d2aaa7278f3a5, f725659d763ba849234e0d3621b18b1463ef9fd9
Atmosphere.atmosphere, modules/cpr/src/main/java/org/atmosphere/container/JBossWebSocketHandler.java, 98, ccbc0a97414992cb1b7d84a2283d2aaa7278f3a5, f725659d763ba849234e0d3621b18b1463ef9fd9
Atmosphere.atmosphere, modules/cpr/src/main/java/org/atmosphere/cpr/DefaultBroadcaster.java, 603, 24cf9587db23679d74680f32beade181791bf88c, 3f19a85501d65a47de8d21e40d1296c0b8fd57bb
Atmosphere.atmosphere, modules/cpr/src/main/java/org/atmosphere/cpr/DefaultBroadcaster.java, 603, 24cf9587db23679d74680f32beade181791bf88c, 3f19a85501d65a47de8d21e40d1296c0b8fd57bb
Atmosphere.atmosphere, modules/cpr/src/main/java/org/atmosphere/annotation/AtmosphereHandlerServiceProcessor.java, 77, 62daee8bf2d60c90827d2adc864662c9db6c4713, 17192c873c62e527859f80085a07e89d5b098dd7
Atmosphere.atmosphere, modules/cpr/src/main/java/org/atmosphere/annotation/ManagedServiceProcessor.java, 68, 62daee8bf2d60c90827d2adc864662c9db6c4713, 17192c873c62e527859f80085a07e89d5b098dd7
Atmosphere.atmosphere, modules/cpr/src/main/java/org/atmosphere/annotation/MeteorServiceProcessor.java, 73, 62daee8bf2d60c90827d2adc864662c9db6c4713, 17192c873c62e527859f80085a07e89d5b098dd7
Atmosphere.atmosphere, modules/cpr/src/main/java/org/atmosphere/config/managed/AtmosphereHandlerServiceInterceptor.java, 100, 62daee8bf2d60c90827d2adc864662c9db6c4713, 17192c873c62e527859f80085a07e89d5b098dd7
Atmosphere.atmosphere, modules/cpr/src/main/java/org/atmosphere/config/managed/AtmosphereHandlerServiceInterceptor.java, 103, 62daee8bf2d60c90827d2adc864662c9db6c4713, 17192c873c62e527859f80085a07e89d5b098dd7
Atmosphere.atmosphere, modules/cpr/src/main/java/org/atmosphere/config/managed/ManagedServiceInterceptor.java, 122, 62daee8bf2d60c90827d2adc864662c9db6c4713, 17192c873c62e527859f80085a07e89d5b098dd7
Atmosphere.atmosphere, modules/cpr/src/main/java/org/atmosphere/config/managed/ManagedServiceInterceptor.java, 125, 62daee8bf2d60c90827d2adc864662c9db6c4713, 17192c873c62e527859f80085a07e89d5b098dd7
Atmosphere.atmosphere, modules/cpr/src/main/java/org/atmosphere/config/managed/MeteorServiceInterceptor.java, 122, 62daee8bf2d60c90827d2adc864662c9db6c4713, 17192c873c62e527859f80085a07e89d5b098dd7
Atmosphere.atmosphere, modules/cpr/src/main/java/org/atmosphere/config/managed/MeteorServiceInterceptor.java, 125, 62daee8bf2d60c90827d2adc864662c9db6c4713, 17192c873c62e527859f80085a07e89d5b098dd7
Atmosphere.atmosphere, modules/cpr/src/main/java/org/atmosphere/interceptor/AtmosphereResourceStateRecovery.java, 256, d27dee43cab04016bd811fff8c7938488b424ea1, 647fbbf72c776f8da3fc0858a7baa2e08da8a597
Atmosphere.atmosphere, modules/cpr/src/main/java/org/atmosphere/interceptor/AtmosphereResourceStateRecovery.java, 256, 6d760c0089645e220355f70b258dbfadb86a055e, 3eee191e453a4f3373fce7fe96a6dadd4669da8d
Atmosphere.atmosphere, modules/cpr/src/main/java/org/atmosphere/interceptor/AtmosphereResourceStateRecovery.java, 256, 3eee191e453a4f3373fce7fe96a6dadd4669da8d, 2e0350681b80e64066677976606c4537d9a197ed
Atmosphere.atmosphere, modules/cpr/src/main/java/org/atmosphere/cpr/AtmosphereResponse.java, 429, 5363d74be7745e476f75c6175628dc85fe6168e8, 7eb5370be35890a364cc38607d6467c5281cdd6f
Atmosphere.atmosphere, modules/cpr/src/main/java/org/atmosphere/cpr/AtmosphereFramework.java, 789, 9ad66ccebc3547d555ec747fa3b3939ca1a9f876, 5eb9868689e9a4c3edd2cb0fe5117a961d0e893e
Atmosphere.atmosphere, modules/cpr/src/main/java/org/atmosphere/cpr/AtmosphereFramework.java, 789, 9ad66ccebc3547d555ec747fa3b3939ca1a9f876, 5eb9868689e9a4c3edd2cb0fe5117a961d0e893e
Atmosphere.atmosphere, modules/cpr/src/main/java/org/atmosphere/cpr/DefaultAsyncSupportResolver.java, 300, 3db7e7672933dee660e38300f9d66330909e7c09, 45d9f85c54a169d144286d72ec1eb2c2c572f6a8
Atmosphere.atmosphere, modules/cpr/src/main/java/org/atmosphere/cpr/DefaultAsyncSupportResolver.java, 300, e978b63812235df130f7598de0a9a22b85589c32, 45d9f85c54a169d144286d72ec1eb2c2c572f6a8
Atmosphere.atmosphere, modules/cpr/src/main/java/org/atmosphere/cpr/AtmosphereFramework.java, 584, f0fa093ebc7f7d1b0b9beb254f6531bb77310853, eed3b6cbdb9424e3a999118acb3f6eb4e49dac9c
Atmosphere.atmosphere, modules/cpr/src/main/java/org/atmosphere/cpr/AtmosphereFramework.java, 587, f0fa093ebc7f7d1b0b9beb254f6531bb77310853, eed3b6cbdb9424e3a999118acb3f6eb4e49dac9c
Atmosphere.atmosphere, modules/cpr/src/main/java/org/atmosphere/cpr/DefaultAnnotationProcessor.java, 70, 5bb9d3bf8f6ca67da43de8cc4aa7ea0a5b382a29, 00aafbb84e1e1613cdecfb4b0026bb8afed64719
Atmosphere.atmosphere, modules/cpr/src/main/java/org/atmosphere/cpr/DefaultAnnotationProcessor.java, 70, 5bb9d3bf8f6ca67da43de8cc4aa7ea0a5b382a29, 00aafbb84e1e1613cdecfb4b0026bb8afed64719
Atmosphere.atmosphere, modules/cpr/src/main/java/org/atmosphere/util/DefaultEndpointMapper.java, 91, c232dcecf1f1512e4d3c5fbe9246f7825dd42f54, fc836787c99ace0d49affba5b38b38eec03ed8d0
Atmosphere.atmosphere, modules/cpr/src/main/java/org/atmosphere/util/DefaultEndpointMapper.java, 134, c232dcecf1f1512e4d3c5fbe9246f7825dd42f54, fc836787c99ace0d49affba5b38b38eec03ed8d0
Atmosphere.atmosphere, modules/cpr/src/main/java/org/atmosphere/cpr/AtmosphereFramework.java, 2081, 5cf710f1b72db6a8413d42668b0e878243217165, a74b79c7802f088f73d1f126fba378791a5e14c5
Atmosphere.atmosphere, modules/cpr/src/main/java/org/atmosphere/cpr/AtmosphereFramework.java, 2081, 5cf710f1b72db6a8413d42668b0e878243217165, a74b79c7802f088f73d1f126fba378791a5e14c5
Atmosphere.atmosphere, modules/cpr/src/main/java/org/atmosphere/websocket/DefaultWebSocketProcessor.java, 366, 68e8a46f67e0d42bc3ae4ca828be1ba3c079c786, 41b768d0380e29250aa44de006dd7c2ece310a04
Atmosphere.atmosphere, modules/cpr/src/main/java/org/atmosphere/cpr/SessionSupport.java, 34, 638215c325d78574eb156bd455cea3280118b1a0, 40b5250fd463eb6d4b0dc232feb3b3868c7dc7a6
Atmosphere.atmosphere, modules/cpr/src/main/java/org/atmosphere/cpr/SessionSupport.java, 34, 638215c325d78574eb156bd455cea3280118b1a0, 40b5250fd463eb6d4b0dc232feb3b3868c7dc7a6
Atmosphere.atmosphere, modules/cpr/src/main/java/org/atmosphere/cpr/SessionSupport.java, 39, 638215c325d78574eb156bd455cea3280118b1a0, 40b5250fd463eb6d4b0dc232feb3b3868c7dc7a6
Atmosphere.atmosphere, modules/cpr/src/main/java/org/atmosphere/cpr/SessionSupport.java, 39, 638215c325d78574eb156bd455cea3280118b1a0, 40b5250fd463eb6d4b0dc232feb3b3868c7dc7a6
Atmosphere.atmosphere, modules/cpr/src/main/java/org/atmosphere/config/managed/Invoker.java, 47, 0bd6dc9caaba2f2fe512f670fa3d04aef9db8eed, 5f4b718bda5ec66e2ab1d93e73a70ce1c5bdb1d0
Atmosphere.atmosphere, modules/cpr/src/main/java/org/atmosphere/cpr/AtmosphereInterceptorWriter.java, 54, 70fd3ee0bcb1f42ecbdacb5164990becbc43d99a, c4a20abf032decffe74ade4d7df3787528e4edf3
Atmosphere.atmosphere, modules/cpr/src/main/java/org/atmosphere/cpr/AtmosphereResourceImpl.java, 577, 70fd3ee0bcb1f42ecbdacb5164990becbc43d99a, c4a20abf032decffe74ade4d7df3787528e4edf3
Atmosphere.atmosphere, modules/cpr/src/main/java/org/atmosphere/websocket/DefaultWebSocketProcessor.java, 434, 7bec6383ee34cbc5be55698f9a8d2b480e76d3cb, da0424c2840e5028a14cb8a0f69c3fb435cde6cc
Atmosphere.atmosphere, modules/cpr/src/main/java/org/atmosphere/util/SimpleBroadcaster.java, 193, d4fe31429eb894cbd99c8872bfafe3135c3b1dc8, 82ed4c5a5d749c1657dee6ffdbf82c47d9aa4581
Atmosphere.atmosphere, modules/cpr/src/test/java/org/atmosphere/cpr/WriteTimeoutTest.java, 63, c136490318387755a73ef7061050010b0ffe6125, 383f6c69b3add555b7d38ef8603cb769ecb26721
Atmosphere.atmosphere, modules/cpr/src/test/java/org/atmosphere/cpr/WriteTimeoutTest.java, 63, c136490318387755a73ef7061050010b0ffe6125, 383f6c69b3add555b7d38ef8603cb769ecb26721
Atmosphere.atmosphere, modules/cpr/src/test/java/org/atmosphere/cpr/WriteTimeoutTest.java, 88, c136490318387755a73ef7061050010b0ffe6125, 383f6c69b3add555b7d38ef8603cb769ecb26721
Atmosphere.atmosphere, modules/cpr/src/test/java/org/atmosphere/cpr/WriteTimeoutTest.java, 88, c136490318387755a73ef7061050010b0ffe6125, 383f6c69b3add555b7d38ef8603cb769ecb26721
Atmosphere.atmosphere, modules/cpr/src/main/java/org/atmosphere/cpr/DefaultBroadcaster.java, 1092, 4e0b719c48f4e0d635ec36f54375c071bf6878ee, 218782fbb2100d2aececf3701501bf1753f75103
Atmosphere.atmosphere, modules/cpr/src/main/java/org/atmosphere/cache/EventCacheBroadcasterCache.java, 133, 9754de49878983bf090655203e0c880cccad7b2e, 582c39a4d17c6cf78a325f9767df626b4d38df3f
Atmosphere.atmosphere, modules/cpr/src/main/java/org/atmosphere/cache/EventCacheBroadcasterCache.java, 133, 9754de49878983bf090655203e0c880cccad7b2e, 582c39a4d17c6cf78a325f9767df626b4d38df3f
Atmosphere.atmosphere, modules/cpr/src/main/java/org/atmosphere/cache/EventCacheBroadcasterCache.java, 180, 9754de49878983bf090655203e0c880cccad7b2e, 582c39a4d17c6cf78a325f9767df626b4d38df3f
Atmosphere.atmosphere, modules/cpr/src/main/java/org/atmosphere/cache/EventCacheBroadcasterCache.java, 180, 9754de49878983bf090655203e0c880cccad7b2e, 582c39a4d17c6cf78a325f9767df626b4d38df3f
Atmosphere.atmosphere, modules/cpr/src/main/java/org/atmosphere/cache/EventCacheBroadcasterCache.java, 275, 9754de49878983bf090655203e0c880cccad7b2e, 582c39a4d17c6cf78a325f9767df626b4d38df3f
Atmosphere.atmosphere, modules/cpr/src/main/java/org/atmosphere/cache/EventCacheBroadcasterCache.java, 275, 9754de49878983bf090655203e0c880cccad7b2e, 582c39a4d17c6cf78a325f9767df626b4d38df3f
Atmosphere.atmosphere, modules/cpr/src/main/java/org/atmosphere/cpr/DefaultBroadcaster.java, 895, 4831c0257971d6dd9a7cda4a8d9e1ded8c2a77a7, 827f5063d532cbbaa4b7df2eff2fa5de90fd7499
Atmosphere.atmosphere, modules/cpr/src/main/java/org/atmosphere/cpr/DefaultBroadcaster.java, 897, 4831c0257971d6dd9a7cda4a8d9e1ded8c2a77a7, 827f5063d532cbbaa4b7df2eff2fa5de90fd7499
Atmosphere.atmosphere, modules/cpr/src/main/java/org/atmosphere/cpr/DefaultBroadcaster.java, 897, 4831c0257971d6dd9a7cda4a8d9e1ded8c2a77a7, 827f5063d532cbbaa4b7df2eff2fa5de90fd7499
Atmosphere.atmosphere, integration-tests/cpr/src/test/java/org/atmosphere/tests/http/BaseTest.java, 1280, ccdf17d83f4457b5dfb4011aea62956ab517d8bf, 817dbaeb90b05278f983d1c56454491df1c16d68
Atmosphere.atmosphere, modules/cpr/src/main/java/org/atmosphere/cpr/BroadcasterConfig.java, 528, f61d37c0735911586cd6d9ec1586b3598c32aeda, f6ae04cfb6899da108cd869de304df318be9493b
Atmosphere.atmosphere, modules/cpr/src/main/java/org/atmosphere/cpr/BroadcasterConfig.java, 531, f61d37c0735911586cd6d9ec1586b3598c32aeda, f6ae04cfb6899da108cd869de304df318be9493b
Atmosphere.atmosphere, modules/cpr/src/main/java/org/atmosphere/cpr/AtmosphereFramework.java, 1321, 343d969d3fbc831f0cbfe0e4b39fef02cd424c96, bcdda57692078e235166399185cd5fc3900dd7af
Atmosphere.atmosphere, modules/cpr/src/main/java/org/atmosphere/cpr/AtmosphereResponse.java, 830, 8a586e948e5de2ebd7bc09203c904e579f052c06, 26934f6c6e8dab17e73d90c129c555454b730bc8
Atmosphere.atmosphere, modules/cpr/src/main/java/org/atmosphere/cpr/DefaultBroadcasterFactory.java, 222, d594ce352220674c8834eebb48adbe1a29921f1e, 244548c9b56410b4f53cc9166bc2208d2b1b9181
Atmosphere.atmosphere, modules/cpr/src/main/java/org/atmosphere/cpr/DefaultBroadcaster.java, 191, 0a7300b42629c2eb700d2c4b5e39caa76f4d5305, 5494af37be57a54ca5c1858ddfde6dd7d085e6e5
Atmosphere.atmosphere, modules/cpr/src/main/java/org/atmosphere/cpr/DefaultBroadcaster.java, 195, 0a7300b42629c2eb700d2c4b5e39caa76f4d5305, 5494af37be57a54ca5c1858ddfde6dd7d085e6e5
Atmosphere.atmosphere, integration-tests/jersey/src/test/java/org/atmosphere/jersey/tests/BuilderPubSubTest.java, 183, 88e52c09c7f51122b38779f543abe6daa71e30eb, 98e08c5e7b8468008452e68bef0e82337b4bbf3b
Atmosphere.atmosphere, integration-tests/jersey/src/test/java/org/atmosphere/jersey/tests/BuilderPubSubTest.java, 190, 88e52c09c7f51122b38779f543abe6daa71e30eb, 98e08c5e7b8468008452e68bef0e82337b4bbf3b
Atmosphere.atmosphere, integration-tests/jersey/src/test/java/org/atmosphere/jersey/tests/PubSubTest.java, 169, 88e52c09c7f51122b38779f543abe6daa71e30eb, 98e08c5e7b8468008452e68bef0e82337b4bbf3b
Atmosphere.atmosphere, integration-tests/jersey/src/test/java/org/atmosphere/jersey/tests/PubSubTest.java, 176, 88e52c09c7f51122b38779f543abe6daa71e30eb, 98e08c5e7b8468008452e68bef0e82337b4bbf3b
Atmosphere.atmosphere, samples/pubsub/src/main/java/org/atmosphere/samples/pubsub/PubSub.java, 189, 88e52c09c7f51122b38779f543abe6daa71e30eb, 98e08c5e7b8468008452e68bef0e82337b4bbf3b
Atmosphere.atmosphere, modules/cpr/src/test/java/org/atmosphere/cpr/WebSocketHandlerTest.java, 95, 994da4e53abe98a0f0004d7bb8c57e08c621570d, 9d834f0e8632504ee215b5fe94d7e1211204e805
Atmosphere.atmosphere, modules/cpr/src/test/java/org/atmosphere/cpr/WebSocketHandlerTest.java, 111, 994da4e53abe98a0f0004d7bb8c57e08c621570d, 9d834f0e8632504ee215b5fe94d7e1211204e805
Atmosphere.atmosphere, modules/cpr/src/test/java/org/atmosphere/cpr/WebSocketHandlerTest.java, 129, 994da4e53abe98a0f0004d7bb8c57e08c621570d, 9d834f0e8632504ee215b5fe94d7e1211204e805
Atmosphere.atmosphere, modules/cpr/src/test/java/org/atmosphere/cpr/WebSocketHandlerTest.java, 135, 994da4e53abe98a0f0004d7bb8c57e08c621570d, 9d834f0e8632504ee215b5fe94d7e1211204e805
Atmosphere.atmosphere, modules/cpr/src/test/java/org/atmosphere/cpr/WebSocketHandlerTest.java, 158, 994da4e53abe98a0f0004d7bb8c57e08c621570d, 9d834f0e8632504ee215b5fe94d7e1211204e805
Atmosphere.atmosphere, modules/cpr/src/test/java/org/atmosphere/cpr/WebSocketHandlerTest.java, 165, 994da4e53abe98a0f0004d7bb8c57e08c621570d, 9d834f0e8632504ee215b5fe94d7e1211204e805
Atmosphere.atmosphere, modules/cpr/src/test/java/org/atmosphere/cpr/WebSocketProcessorTest.java, 110, 994da4e53abe98a0f0004d7bb8c57e08c621570d, 9d834f0e8632504ee215b5fe94d7e1211204e805
Atmosphere.atmosphere, modules/cpr/src/test/java/org/atmosphere/cpr/WebSocketProcessorTest.java, 149, 994da4e53abe98a0f0004d7bb8c57e08c621570d, 9d834f0e8632504ee215b5fe94d7e1211204e805
Atmosphere.atmosphere, modules/cpr/src/test/java/org/atmosphere/cpr/WebSocketProcessorTest.java, 189, 994da4e53abe98a0f0004d7bb8c57e08c621570d, 9d834f0e8632504ee215b5fe94d7e1211204e805
Atmosphere.atmosphere, modules/cpr/src/test/java/org/atmosphere/cpr/WebSocketProcessorTest.java, 227, 994da4e53abe98a0f0004d7bb8c57e08c621570d, 9d834f0e8632504ee215b5fe94d7e1211204e805
Atmosphere.atmosphere, modules/cpr/src/main/java/org/atmosphere/util/DefaultEndpointMapper.java, 47, 65f815b3aaa4ca2aff782b35c1fa0d318f10387c, 310c9fa03d4cc95941fff7812e5c0c05bd7b76bc
Atmosphere.atmosphere, modules/cpr/src/main/java/org/atmosphere/util/DefaultEndpointMapper.java, 47, 65f815b3aaa4ca2aff782b35c1fa0d318f10387c, 310c9fa03d4cc95941fff7812e5c0c05bd7b76bc
Atmosphere.atmosphere, modules/cpr/src/main/java/org/atmosphere/util/DefaultEndpointMapper.java, 50, 65f815b3aaa4ca2aff782b35c1fa0d318f10387c, 310c9fa03d4cc95941fff7812e5c0c05bd7b76bc
Atmosphere.atmosphere, modules/cpr/src/main/java/org/atmosphere/util/DefaultEndpointMapper.java, 50, 65f815b3aaa4ca2aff782b35c1fa0d318f10387c, 310c9fa03d4cc95941fff7812e5c0c05bd7b76bc
Atmosphere.atmosphere, modules/cpr/src/main/java/org/atmosphere/cpr/AtmosphereFramework.java, 628, 013de00c9f21f6a2bde45dc20428be65c4db332f, bd1360cf48307ef1a7329978df71ab09ee637798
Atmosphere.atmosphere, modules/cpr/src/main/java/org/atmosphere/cpr/DefaultBroadcasterFactory.java, 241, 02f92e681b223c753cca7d9d81fe2308c632a3fb, fe34140b16ddb59602c952aa865cd206406ca189
Atmosphere.atmosphere, modules/cpr/src/main/java/org/atmosphere/cache/AbstractBroadcasterCache.java, 60, 75d818e95d12ebd6c5c600bd2c8fb2657e0200da, 132e6e375ef8aa4fdc9afb232b8d103d1b5566ea
Atmosphere.atmosphere, modules/cpr/src/main/java/org/atmosphere/cache/AbstractBroadcasterCache.java, 60, 75d818e95d12ebd6c5c600bd2c8fb2657e0200da, 132e6e375ef8aa4fdc9afb232b8d103d1b5566ea
Atmosphere.atmosphere, modules/cpr/src/main/java/org/atmosphere/cache/HeaderBroadcasterCache.java, 42, 75d818e95d12ebd6c5c600bd2c8fb2657e0200da, 132e6e375ef8aa4fdc9afb232b8d103d1b5566ea
Atmosphere.atmosphere, modules/cpr/src/main/java/org/atmosphere/cache/HeaderBroadcasterCache.java, 42, 75d818e95d12ebd6c5c600bd2c8fb2657e0200da, 132e6e375ef8aa4fdc9afb232b8d103d1b5566ea
Atmosphere.atmosphere, modules/cpr/src/main/java/org/atmosphere/cache/HeaderBroadcasterCache.java, 58, 75d818e95d12ebd6c5c600bd2c8fb2657e0200da, 132e6e375ef8aa4fdc9afb232b8d103d1b5566ea
Atmosphere.atmosphere, modules/cpr/src/main/java/org/atmosphere/cache/HeaderBroadcasterCache.java, 58, 75d818e95d12ebd6c5c600bd2c8fb2657e0200da, 132e6e375ef8aa4fdc9afb232b8d103d1b5566ea
Atmosphere.atmosphere, modules/cpr/src/main/java/org/atmosphere/interceptor/AtmosphereResourceLifecycleInterceptor.java, 60, b715b5c1376b13452ef810bd5e8dedc9982e19ac, 6f9263f62b3435d829c95becfb6a06ec85df80c3
Atmosphere.atmosphere, modules/cpr/src/main/java/org/atmosphere/cpr/MeteorServlet.java, 104, 1b65b9c021feaab009ed5bf597d9e791c4c16727, 705c9e9c32976ba7fe8ead91d6ab43331e8560e6
Atmosphere.atmosphere, extras/socketio/src/main/java/org/atmosphere/socketio/transport/XHRTransport.java, 107, 6e70cda72792dc8d65870b2d50a66cef6408e8fd, ba769488f69f9132d900a4683e95cdb3164614ae
Atmosphere.atmosphere, extras/socketio/src/main/java/org/atmosphere/socketio/transport/XHRTransport.java, 200, 6e70cda72792dc8d65870b2d50a66cef6408e8fd, ba769488f69f9132d900a4683e95cdb3164614ae
Atmosphere.atmosphere, modules/cpr/src/main/java/org/atmosphere/interceptor/SSEAtmosphereInterceptor.java, 78, 289fec327e830d8a5252f831ae07d57e1bdeead3, 6bdd329602efa763ef9ad4ff4aab49ca24b8c8a9
Atmosphere.atmosphere, modules/cpr/src/main/java/org/atmosphere/cpr/Meteor.java, 389, ae434b1f61ef3cf1fffeaa482b5ed2fd9462e2cd, 2733d503c1d68068237588b4a1b876fd7af34c55
Atmosphere.atmosphere, extras/socketio/src/main/java/org/atmosphere/socketio/transport/XHRTransport.java, 107, 791a96c298315519065469d1d25fd7c2740aebb6, 67d04a22dc4d780fade1d4c7a59adcbc7bb499e9
Atmosphere.atmosphere, extras/socketio/src/main/java/org/atmosphere/socketio/transport/XHRTransport.java, 200, 791a96c298315519065469d1d25fd7c2740aebb6, 67d04a22dc4d780fade1d4c7a59adcbc7bb499e9
Atmosphere.atmosphere, modules/cpr/src/main/java/org/atmosphere/interceptor/SSEAtmosphereInterceptor.java, 91, 424f447dc3a71d21a7ea937ac12da6a2252a23a4, 424c40ebf231f815d65e9b1dc1b0fa35ca50752c
Atmosphere.atmosphere, modules/cpr/src/main/java/org/atmosphere/cpr/Meteor.java, 389, 8aab1afc88021a77f7f180e6cf8fd09989dcb9f6, 869fa55fb1acc93a5523e51021ad43895d15ed9f
Atmosphere.atmosphere, modules/cpr/src/main/java/org/atmosphere/cpr/AtmosphereInterceptorWriter.java, 32, be9816e087e65c306879308f425ce4b024640e4c, bcfc87cd8c6076ecc5606ee7c249d93455492760
Atmosphere.atmosphere, modules/cpr/src/main/java/org/atmosphere/cpr/WebSocketProcessorFactory.java, 25, dba9594514deefe356db062b4e32918f465a19ff, 07ee029f6a4347a4514daab06e8c3ff1cdba1be6
Atmosphere.atmosphere, modules/cpr/src/main/java/org/atmosphere/cpr/AtmosphereFramework.java, 178, 96a66b27711d68c934bb2a6cd094f2be3039600b, ef58199fd626d3b7ffd1ffe9a6bf297b1a0556d6
Atmosphere.atmosphere, modules/cpr/src/main/java/org/atmosphere/websocket/WebSocket.java, 64, a091e3c4af00b17456e583298e4bcba6ac9b13e9, 03bce485409d1f8e9ae8aca881a3da0ead07def9
Atmosphere.atmosphere, modules/cpr/src/main/java/org/atmosphere/cpr/AtmosphereConfig.java, 37, 1731ae83aa04c2713196b23e92ec137537964033, bde9325dcceac800df5ffff9b23ff8fc11e5ac1e
Atmosphere.atmosphere, modules/cpr/src/main/java/org/atmosphere/client/MessageLengthInterceptor.java, 74, 619ff2bc073d1b8859c8c8e1fa351b7858529670, 64525d894e66b14de6a4ccaca0299755d45a6ccf
Atmosphere.atmosphere, modules/cpr/src/main/java/org/atmosphere/client/MessageLengthInterceptor.java, 74, 619ff2bc073d1b8859c8c8e1fa351b7858529670, 64525d894e66b14de6a4ccaca0299755d45a6ccf
Atmosphere.atmosphere, modules/cpr/src/main/java/org/atmosphere/client/MessageLengthInterceptor.java, 106, 619ff2bc073d1b8859c8c8e1fa351b7858529670, 64525d894e66b14de6a4ccaca0299755d45a6ccf
Atmosphere.atmosphere, modules/cpr/src/main/java/org/atmosphere/client/MessageLengthInterceptor.java, 106, 619ff2bc073d1b8859c8c8e1fa351b7858529670, 64525d894e66b14de6a4ccaca0299755d45a6ccf
Atmosphere.atmosphere, modules/cpr/src/main/java/org/atmosphere/client/MessageLengthInterceptor.java, 139, 619ff2bc073d1b8859c8c8e1fa351b7858529670, 64525d894e66b14de6a4ccaca0299755d45a6ccf
Atmosphere.atmosphere, modules/cpr/src/main/java/org/atmosphere/client/MessageLengthInterceptor.java, 139, 619ff2bc073d1b8859c8c8e1fa351b7858529670, 64525d894e66b14de6a4ccaca0299755d45a6ccf
Atmosphere.atmosphere, modules/cpr/src/main/java/org/atmosphere/cpr/AtmosphereRequest.java, 586, 7f399ac4673dcba0509481d185e68b33fbaa2c92, 6337bcf1c7de37751e937c7a80f90f5cd2ead8b5
Atmosphere.atmosphere, modules/cpr/src/main/java/org/atmosphere/interceptor/BroadcastOnPostAtmosphereInterceptor.java, 58, 6aff6baea9a815da5528f09bf1dac322a002fdc5, d49cd70632f03d68a19e9329308af4d89813b836
Atmosphere.atmosphere, extras/jaxrs2/src/test/java/org/atmosphere/tests/jaxrs2/Jaxrs2Test.java, 58, 2b5950d074b4b9e9c3d46ef08899d9629b2af104, 9d762ed06973f839a53c16910b73b7170f13d4dc
Atmosphere.atmosphere, modules/cpr/src/main/java/org/atmosphere/container/Servlet30CometSupport.java, 140, c50fb0490aaf8595274ac9cc33c0af6dc70f9d12, cde6fd13963e660507aa8d5776324db251db48dd
Atmosphere.atmosphere, modules/cpr/src/main/java/org/atmosphere/container/Servlet30CometSupport.java, 140, 475938ec477d1d0d357fb0f586a57650d9ee78c0, ba1ff6fb0144042e71efce9b8633b1379d329ce8
Atmosphere.atmosphere, modules/cpr/src/main/java/org/atmosphere/handler/ReflectorServletProcessor.java, 179, 71b5386e09c6f6e781220b1d781ce3aaf0bce816, ca7e81174fbd4899584d2032c9acf850136f1e32
Atmosphere.atmosphere, modules/cpr/src/main/java/org/atmosphere/container/Tomcat7AsyncSupportWithWebSocket.java, 99, 544b0ed025cdea88bec8a5dd4ff5462242442eca, 64d880881c08f70758a9bbe6b14a12c4004423e8
Atmosphere.atmosphere, modules/cpr/src/main/java/org/atmosphere/websocket/WebSocketHandshakeFilter.java, 71, 544b0ed025cdea88bec8a5dd4ff5462242442eca, 64d880881c08f70758a9bbe6b14a12c4004423e8
Atmosphere.atmosphere, modules/cpr/src/main/java/org/atmosphere/cpr/AtmosphereRequest.java, 586, 48a785f7125cd0b3338f6f9feb14ab22a020a313, 4eac8cf2c4fe82b33baaa228d9a8571fd81ce076
Atmosphere.atmosphere, modules/cpr/src/main/java/org/atmosphere/cpr/Broadcaster.java, 197, 0b302cf93edee0e2ab3c9998f380ede8e8ea7727, aa7627455539a95dd6bd4e8e20b2b98ea9ffb1ab
Atmosphere.atmosphere, modules/cpr/src/main/java/org/atmosphere/cpr/Broadcaster.java, 206, 0b302cf93edee0e2ab3c9998f380ede8e8ea7727, aa7627455539a95dd6bd4e8e20b2b98ea9ffb1ab
Atmosphere.atmosphere, modules/cpr/src/main/java/org/atmosphere/cpr/DefaultBroadcaster.java, 994, 0b302cf93edee0e2ab3c9998f380ede8e8ea7727, aa7627455539a95dd6bd4e8e20b2b98ea9ffb1ab
Atmosphere.atmosphere, modules/cpr/src/main/java/org/atmosphere/cpr/DefaultBroadcaster.java, 1003, 0b302cf93edee0e2ab3c9998f380ede8e8ea7727, aa7627455539a95dd6bd4e8e20b2b98ea9ffb1ab
Atmosphere.atmosphere, modules/cpr/src/main/java/org/atmosphere/cpr/DefaultBroadcaster.java, 1030, 0b302cf93edee0e2ab3c9998f380ede8e8ea7727, aa7627455539a95dd6bd4e8e20b2b98ea9ffb1ab
Atmosphere.atmosphere, modules/cpr/src/main/java/org/atmosphere/cpr/DefaultBroadcaster.java, 1054, 0b302cf93edee0e2ab3c9998f380ede8e8ea7727, aa7627455539a95dd6bd4e8e20b2b98ea9ffb1ab
Atmosphere.atmosphere, modules/cpr/src/main/java/org/atmosphere/cpr/DefaultBroadcaster.java, 1063, 0b302cf93edee0e2ab3c9998f380ede8e8ea7727, aa7627455539a95dd6bd4e8e20b2b98ea9ffb1ab
Atmosphere.atmosphere, modules/cpr/src/main/java/org/atmosphere/cpr/DefaultBroadcaster.java, 1071, 0b302cf93edee0e2ab3c9998f380ede8e8ea7727, aa7627455539a95dd6bd4e8e20b2b98ea9ffb1ab
Atmosphere.atmosphere, modules/cpr/src/main/java/org/atmosphere/cpr/DefaultBroadcaster.java, 1092, 0b302cf93edee0e2ab3c9998f380ede8e8ea7727, aa7627455539a95dd6bd4e8e20b2b98ea9ffb1ab
Atmosphere.atmosphere, modules/cpr/src/main/java/org/atmosphere/container/version/Jetty8WebSocket.java, 54, 150cc0a5beacbec117eb141846a4c6f1aeab5847, 8be519a39737a6a65e801bdc8a4a7f510953c28c
Atmosphere.atmosphere, modules/cpr/src/main/java/org/atmosphere/container/version/Jetty8WebSocket.java, 54, 150cc0a5beacbec117eb141846a4c6f1aeab5847, 8be519a39737a6a65e801bdc8a4a7f510953c28c
Atmosphere.atmosphere, modules/cpr/src/main/java/org/atmosphere/cpr/AsynchronousProcessor.java, 493, 150cc0a5beacbec117eb141846a4c6f1aeab5847, 8be519a39737a6a65e801bdc8a4a7f510953c28c
Atmosphere.atmosphere, modules/cpr/src/main/java/org/atmosphere/container/version/Jetty8WebSocket.java, 54, 19558f8d98358fece627fda336050054a1fce211, fcc6ad1ae89a377ff91d93c61d3cdc4932fdacb9
Atmosphere.atmosphere, modules/cpr/src/main/java/org/atmosphere/container/version/Jetty8WebSocket.java, 54, 19558f8d98358fece627fda336050054a1fce211, fcc6ad1ae89a377ff91d93c61d3cdc4932fdacb9
Atmosphere.atmosphere, modules/cpr/src/main/java/org/atmosphere/container/version/Jetty8WebSocket.java, 54, fcc6ad1ae89a377ff91d93c61d3cdc4932fdacb9, f0606b3a118bfc03ac8d8d5dc66e21b0555e87b9
Atmosphere.atmosphere, modules/cpr/src/main/java/org/atmosphere/container/version/Jetty8WebSocket.java, 54, fcc6ad1ae89a377ff91d93c61d3cdc4932fdacb9, f0606b3a118bfc03ac8d8d5dc66e21b0555e87b9
Atmosphere.atmosphere, modules/cpr/src/main/java/org/atmosphere/container/NettyCometSupport.java, 37, e2ac6f8c326490b85b9ad9e0a67d53ffb7fc2842, 0873f7f92aae8118cd7ff16eaa1c4340629c8b77
Atmosphere.atmosphere, modules/cpr/src/main/java/org/atmosphere/container/Jetty7CometSupport.java, 178, ea0f1f726181ba1a06ea0ca0735d090884e1baf9, 690cc7f03efcee1d1b62180f3d8e871a820db9b9
Atmosphere.atmosphere, modules/cpr/src/main/java/org/atmosphere/container/Jetty7CometSupport.java, 182, a1118becb60227f7437c663b8747ab9fbee6fac2, 9d3cc402ae8902edfbcae9ac16965e5ba128b3b5
Atmosphere.atmosphere, modules/cpr/src/test/java/org/atmosphere/cpr/DefaultBroadcasterFactoryTest.java, 91, 3d6efb058ba58e1d2dbd47c9af4a52d33ff9c470, 6d591977f5ec5f2f33d3dbcfdd4c842e9c13d4fd
Atmosphere.atmosphere, modules/cpr/src/main/java/org/atmosphere/websocket/WebSocketProcessor.java, 119, 2c2d74610fec585556af21e02f3d8bfde051ad46, e51e7faf7d746dedbaeabdbeabedee2bbf37d23a
Atmosphere.atmosphere, modules/cpr/src/main/java/org/atmosphere/cpr/DefaultBroadcasterFactory.java, 90, 03788e9f214e2300993bd523517fe0e55e8a8587, 93bd4e9a1c86b52cab859e0ef696efb1fc55993d
Atmosphere.atmosphere, modules/cpr/src/main/java/org/atmosphere/cpr/AsynchronousProcessor.java, 245, 3691be4c1f9974b445e682c6d290306700eab602, 38c360dd4f610f9a37b150246b2d92081c8d3135
Atmosphere.atmosphere, modules/cpr/src/main/java/org/atmosphere/cpr/AsynchronousProcessor.java, 245, 3691be4c1f9974b445e682c6d290306700eab602, 38c360dd4f610f9a37b150246b2d92081c8d3135
Atmosphere.atmosphere, modules/cpr/src/main/java/org/atmosphere/cpr/DefaultBroadcasterFactory.java, 237, f4f938dac9799366e2aed67dea151b07a8434eef, 2fe79efdff1b38de1dd077af7b7f03af8b88cfa5
Atmosphere.atmosphere, modules/cpr/src/main/java/org/atmosphere/cpr/AtmosphereServlet.java, 640, b89ef69f126ecaa45d91e1b75e58acdd6d0f3625, 2ec3c4ca2d8a1a0f08701009b2304b09a8b7b120
Atmosphere.atmosphere, extras/redis/src/main/java/org/atmosphere/plugin/redis/RedisBroadcaster.java, 102, b23347c8d0fae222109b2c7e0252533cebb30d85, 1376fa5c4f2b277f057f50f5236e99598ad1fcc4
Atmosphere.atmosphere, modules/cpr/src/main/java/org/atmosphere/cpr/AtmosphereResourceImpl.java, 127, dd287e0057702c15b34db99de389a1c51023c2f3, 26241383028eb6fe5a097bdfe3fde9c72d86ad45
Atmosphere.atmosphere, modules/cpr/src/main/java/org/atmosphere/cpr/DefaultBroadcaster.java, 728, c56426eaa91e72179cc742b570e08a66f52936be, 096501aa179d772a3a6044dd92c7a5712bf9a442
Atmosphere.atmosphere, modules/cpr/src/main/java/org/atmosphere/cpr/WebSocketProcessor.java, 164, f5a277900f4bc700a17d349aa9f30af3ddca94fe, 53dc2b0294ec0686359e5267ae9f6b58f580bf46
Atmosphere.atmosphere, modules/cpr/src/main/java/org/atmosphere/cpr/WebSocketProcessor.java, 164, f5a277900f4bc700a17d349aa9f30af3ddca94fe, 53dc2b0294ec0686359e5267ae9f6b58f580bf46
Atmosphere.atmosphere, modules/cpr/src/main/java/org/atmosphere/cpr/WebSocketProcessor.java, 167, f5a277900f4bc700a17d349aa9f30af3ddca94fe, 53dc2b0294ec0686359e5267ae9f6b58f580bf46
Atmosphere.atmosphere, modules/cpr/src/main/java/org/atmosphere/cpr/WebSocketProcessor.java, 167, f5a277900f4bc700a17d349aa9f30af3ddca94fe, 53dc2b0294ec0686359e5267ae9f6b58f580bf46
Atmosphere.atmosphere, plugins/jgroups/src/main/java/org/atmosphere/plugin/jgroups/JGroupsFilter.java, 113, 2111905af362bab4ac7c786787f79764aac90c9d, 6583f6459050f3ce5ada603a355f85e6377059c9
Atmosphere.atmosphere, plugins/jgroups/src/main/java/org/atmosphere/plugin/jgroups/JGroupsFilter.java, 113, 2111905af362bab4ac7c786787f79764aac90c9d, 6583f6459050f3ce5ada603a355f85e6377059c9
Atmosphere.atmosphere, samples/chat/src/main/java/org/atmosphere/samples/chat/ChatAtmosphereHandler.java, 105, 34c2a9bfd05bed467b523b0be9a311fa37d34d21, b283d1f7ad801492c5a2fe584e2e60979d5ef575
Atmosphere.atmosphere, modules/cpr/src/main/java/org/atmosphere/handler/ReflectorServletProcessor.java, 133, 9f941db913334b4b5ed48833522200710e30bb84, 75283481bdcb4d300fbba168187b00793756edd6
Atmosphere.atmosphere, modules/cpr/src/main/java/org/atmosphere/cpr/BroadcasterConfig.java, 84, 854a2a00a42f9cb61b934f04db5e6fc912787151, 5e7ca0f8110b0aeb180d8f1e43165ff4b7a6d502
Atmosphere.atmosphere, modules/cpr/src/main/java/org/atmosphere/cpr/BroadcasterConfig.java, 84, 854a2a00a42f9cb61b934f04db5e6fc912787151, 5e7ca0f8110b0aeb180d8f1e43165ff4b7a6d502
