druid-io.druid, services/src/main/java/org/apache/druid/cli/CliIndexer.java, 103, cd750463fa622ca2ba5c60e3b54aeceb8d29e4f8, 7afe473fd3d1a0d2e17383e4f3e6c18fb8bad28f
druid-io.druid, extensions-core/druid-basic-security/src/test/java/org/apache/druid/security/authorization/CoordinatorBasicAuthorizerResourceTest.java, 788, 7d63c295ccfc15bd05164f32e5c49f9fed4da89b, d3545f508672cf6b5eb66c7c28483f5ab01813ec
druid-io.druid, integration-tests/src/test/java/org/apache/druid/tests/security/ITBasicAuthConfigurationTest.java, 122, a00d3e19313ef80233670a67fddb2dd7abcdfb5d, 83b38c0911c6a040308c29dc88a3051d60c68b93
druid-io.druid, processing/src/test/java/org/apache/druid/query/topn/TopNQueryQueryToolChestTest.java, 136, 6fd6e5de891e8bafee8d87b90647c6bc068f98e0, 3ec9fbaa477d221f56a2a2ff75b9f4c2ae428295
druid-io.druid, server/src/main/java/org/apache/druid/metadata/IndexerSQLMetadataStorageCoordinator.java, 894, 543324f8a92d6956574aa4da2edb7b3c429a6eda, 4d37edac1e73f42eb70e9e066b8d4df2d89ec6f0
druid-io.druid, services/src/main/java/org/apache/druid/cli/CliRealtimeExample.java, 57, 105b4fa2379a1f83dab4755d563f11c547c2893e, bca40dcdaf3177b95d01187f413e1c0c6865964b
druid-io.druid, extensions-core/datasketches/src/test/java/org/apache/druid/query/aggregation/datasketches/hll/sql/HllSketchSqlAggregatorTest.java, 164, 6207b66e20a807c1cc74c914f2734c5dab5bfea7, 953b96d0a436b2bd979c2aa6eecc3f636387633c
druid-io.druid, extensions-core/datasketches/src/test/java/org/apache/druid/query/aggregation/datasketches/quantiles/sql/DoublesSketchSqlAggregatorTest.java, 160, 6207b66e20a807c1cc74c914f2734c5dab5bfea7, 953b96d0a436b2bd979c2aa6eecc3f636387633c
druid-io.druid, extensions-core/datasketches/src/test/java/org/apache/druid/query/aggregation/datasketches/theta/sql/ThetaSketchSqlAggregatorTest.java, 165, 6207b66e20a807c1cc74c914f2734c5dab5bfea7, 953b96d0a436b2bd979c2aa6eecc3f636387633c
druid-io.druid, extensions-core/histogram/src/test/java/org/apache/druid/query/aggregation/histogram/sql/FixedBucketsHistogramQuantileSqlAggregatorTest.java, 164, 6207b66e20a807c1cc74c914f2734c5dab5bfea7, 953b96d0a436b2bd979c2aa6eecc3f636387633c
druid-io.druid, indexing-service/src/main/java/org/apache/druid/indexing/overlord/http/OverlordResource.java, 630, c81cb94226a8381f512b8293659c82338a4626c3, c5405bb5929b117b31ad0f4c4ba8c6faf38beb63
druid-io.druid, core/src/main/java/org/apache/druid/math/expr/ExprEval.java, 200, 0b70c36eb0dff06c81010d1569797c727712bddd, 2ebdce20b1797858f8b20144eabfb46e3574f3e0
druid-io.druid, core/src/main/java/org/apache/druid/math/expr/ExprEval.java, 200, 0b70c36eb0dff06c81010d1569797c727712bddd, 2ebdce20b1797858f8b20144eabfb46e3574f3e0
druid-io.druid, core/src/main/java/org/apache/druid/math/expr/ExprEval.java, 242, 0b70c36eb0dff06c81010d1569797c727712bddd, 2ebdce20b1797858f8b20144eabfb46e3574f3e0
druid-io.druid, core/src/main/java/org/apache/druid/math/expr/ExprEval.java, 242, 0b70c36eb0dff06c81010d1569797c727712bddd, 2ebdce20b1797858f8b20144eabfb46e3574f3e0
druid-io.druid, indexing-service/src/main/java/org/apache/druid/indexing/overlord/http/OverlordResource.java, 630, f2b73f9df1a09b9c4937130254902ffc21c8a576, 7b262b71230015fc89ea185adff0c8011355ef5a
druid-io.druid, indexing-service/src/main/java/org/apache/druid/indexing/overlord/TaskRunnerUtils.java, 102, b662fe84c50386be4404bb2e1a50cd592e1196b7, 73780536a6eb2cb618b70ead6dfc7f282213edab
druid-io.druid, extensions-core/postgresql-metadata-storage/src/main/java/org/apache/druid/metadata/storage/postgresql/PostgreSQLMetadataStorageModule.java, 61, d0fb83760eefdf9269dd0e81ca83bbf52fb139d9, 951b36e2bc7caed992a263a5e1289414b12b39da
druid-io.druid, java-util/src/main/java/io/druid/java/util/common/CompressionUtils.java, 128, 8d886e59bfc878cfbbbcd23160a7dd7c44e5fe94, c47032d5662b0f16d20db9e266195ea24d2f3208
druid-io.druid, indexing-service/src/main/java/io/druid/indexing/common/task/AppenderatorDriverRealtimeIndexTask.java, 325, da3a1f61ac1f89795ba22321a2ae77f0927941c6, ecee3e0a2479eba734f992ca9ea086ecfb9dbaee
druid-io.druid, sql/src/main/java/io/druid/sql/avatica/AvaticaServerConfig.java, 37, f3796bc81b3fa0369aa2790ec3a261a9b70b3563, 3f7253778781223ee9290232f2528c33baa0cef1
druid-io.druid, server/src/main/java/io/druid/client/DirectDruidClient.java, 340, aafd0373be686a3111cfbb0d487529c276772264, 5f6bdd940b35734e98f6a681c0eb48173cd5f9df
druid-io.druid, server/src/main/java/io/druid/client/DirectDruidClient.java, 340, aafd0373be686a3111cfbb0d487529c276772264, 5f6bdd940b35734e98f6a681c0eb48173cd5f9df
druid-io.druid, server/src/test/java/io/druid/server/initialization/JettyQosTest.java, 101, e78d8584a1298e79c17a45e01f79062b55c9f703, 054cf8a18390f4a082629456d78f8657fc0515b3
druid-io.druid, sql/src/test/java/io/druid/sql/avatica/DruidAvaticaHandlerTest.java, 373, e78d8584a1298e79c17a45e01f79062b55c9f703, 054cf8a18390f4a082629456d78f8657fc0515b3
druid-io.druid, benchmarks/src/main/java/io/druid/benchmark/ExpressionBenchmark.java, 164, 4ef3a770a316068a6748f05a2c80969c3d6ffde1, 6697f3a62b59c0f403da9bd9c784b3f29b0950ee
druid-io.druid, server/src/main/java/io/druid/client/DirectDruidClient.java, 378, 0e056863e4b10421a51c9276f21ad6fdc4af9ff5, d9f423f55deb81e4f5ae2bf4334de72dfec8dd6f
druid-io.druid, extensions-contrib/statsd-emitter/src/main/java/io/druid/emitter/statsd/StatsDEmitter.java, 123, 117c698c59a011648c50e261ff5b555e3ee236f8, a0f2cf05d5a3a7d71635d1f54dd0efdfe57e469a
druid-io.druid, extensions-contrib/statsd-emitter/src/main/java/io/druid/emitter/statsd/StatsDEmitter.java, 123, 117c698c59a011648c50e261ff5b555e3ee236f8, a0f2cf05d5a3a7d71635d1f54dd0efdfe57e469a
druid-io.druid, sql/src/test/java/io/druid/sql/calcite/CalciteQueryTest.java, 1364, bad250fe6dd65f2e5a20f945d365fe30adfcde82, dfe4bda7fd68be04712c612f9b027516e920c328
druid-io.druid, extensions-core/kafka-indexing-service/src/main/java/io/druid/indexing/kafka/supervisor/KafkaSupervisor.java, 316, b3dae0efc352c609fba4c4e008dc9ecb97532845, 515caa8a852f257075f17aa5d32a218e10449a15
druid-io.druid, extensions-core/lookups-cached-single/src/test/java/io/druid/server/lookup/PollingLookupTest.java, 62, 74e1243c7e59690434b9815b05b123585223c091, 49c0fe0e8bbbc685a3e8281c4b9239ddf6e7d742
druid-io.druid, server/src/main/java/io/druid/segment/indexing/DataSchema.java, 116, eafafce1aa058a495e214045ccbfe4d82adca240, ed924bf214a373a0ceae4e078157c8b8e7f674b5
druid-io.druid, server/src/main/java/io/druid/segment/indexing/DataSchema.java, 116, eafafce1aa058a495e214045ccbfe4d82adca240, ed924bf214a373a0ceae4e078157c8b8e7f674b5
druid-io.druid, processing/src/test/java/io/druid/granularity/QueryGranularityTest.java, 752, 79958182209bbd23e048760e954e996346efa9c7, 90f5d8cd174f2e09625503e6c02c2676f93d36a6
druid-io.druid, indexing-service/src/main/java/io/druid/indexing/overlord/autoscaling/PendingTaskBasedWorkerResourceManagementStrategy.java, 214, 3f71a4a3020bd65a54ae8753ff8f6c5540eec97c, 67b47c982f22b8543988701099beec27c4aa5a9c
druid-io.druid, indexing-hadoop/src/main/java/io/druid/indexer/HadoopTuningConfig.java, 44, 2462c82c0ea8766f40cf454c57557a5c63d2c09d, 8f97b1e40c578c5e21703286a6d87a155c4765f0
druid-io.druid, indexing-service/src/main/java/io/druid/indexing/common/config/TaskConfig.java, 81, 2462c82c0ea8766f40cf454c57557a5c63d2c09d, 8f97b1e40c578c5e21703286a6d87a155c4765f0
druid-io.druid, indexing-service/src/main/java/io/druid/indexing/common/task/IndexTask.java, 502, 2462c82c0ea8766f40cf454c57557a5c63d2c09d, 8f97b1e40c578c5e21703286a6d87a155c4765f0
druid-io.druid, server/src/main/java/io/druid/segment/indexing/RealtimeTuningConfig.java, 40, 2462c82c0ea8766f40cf454c57557a5c63d2c09d, 8f97b1e40c578c5e21703286a6d87a155c4765f0
druid-io.druid, indexing-service/src/main/java/io/druid/indexing/overlord/RemoteTaskRunner.java, 354, a0728fa8544488762715ed1ddda525469f0f90c5, 57a3d97837f2e614dec1b875ca4111bb37852a4f
druid-io.druid, indexing-service/src/main/java/io/druid/indexing/overlord/RemoteTaskRunner.java, 354, a0728fa8544488762715ed1ddda525469f0f90c5, 57a3d97837f2e614dec1b875ca4111bb37852a4f
druid-io.druid, indexing-service/src/main/java/io/druid/indexing/overlord/ThreadPoolTaskRunner.java, 147, c4fde52160773dca18bad002589957880b0aeeb3, 867d6e84b3a7b335aeb1a04c5419abd36be84919
druid-io.druid, processing/src/main/java/io/druid/query/extraction/LookupExtractor.java, 39, abf2f457b12dcb128ebc437d7b8cc5a3e37c20a5, cac675351ed18a7fd9093b6b496e35e58d5d781a
druid-io.druid, processing/src/main/java/io/druid/query/extraction/LookupExtractor.java, 49, abf2f457b12dcb128ebc437d7b8cc5a3e37c20a5, cac675351ed18a7fd9093b6b496e35e58d5d781a
druid-io.druid, processing/src/main/java/io/druid/query/extraction/LookupExtractor.java, 83, abf2f457b12dcb128ebc437d7b8cc5a3e37c20a5, cac675351ed18a7fd9093b6b496e35e58d5d781a
druid-io.druid, processing/src/main/java/io/druid/query/extraction/LookupExtractor.java, 103, abf2f457b12dcb128ebc437d7b8cc5a3e37c20a5, cac675351ed18a7fd9093b6b496e35e58d5d781a
druid-io.druid, indexing-service/src/test/java/io/druid/indexing/overlord/RemoteTaskRunnerTest.java, 75, 8bb08f39e3d806264edbd2854bf678f961c7157a, f675ca667128c612762adbfb568a600236cb7774
druid-io.druid, indexing-service/src/main/java/io/druid/indexing/common/actions/RemoteTaskActionClient.java, 111, 7cbff731e32cc33efecd994b53f35be4e9c33f29, 2d4d3a40de2730366587df39a16958e69fbb8895
druid-io.druid, indexing-service/src/main/java/io/druid/indexing/common/actions/RemoteTaskActionClient.java, 111, cb409ee9287a60e77a130458cc1be3fc312682f9, 2d4d3a40de2730366587df39a16958e69fbb8895
druid-io.druid, processing/src/main/java/io/druid/segment/incremental/OffheapIncrementalIndex.java, 190, e797d222c7321d2de4ae53bbaedcbba60584603f, 020a706ac48891cc57d04b295a0ba0c1f2964661
druid-io.druid, services/src/main/java/io/druid/guice/RealtimeModule.java, 68, 5f1f4424eb8d949e136d05c9f8f5364ffcd76ea2, ccd46088b2f183665733abb0b54ceebe3d3fcc26
druid-io.druid, services/src/main/java/io/druid/guice/RealtimeModule.java, 68, 4801de62a27d4673c6596f8d8128b478d82e9ecd, 27cd7730c8a7d59bc51012ae1d13a68f959fe7f7
druid-io.druid, server/src/main/java/io/druid/indexer/SQLMetadataStorageUpdaterJobHandler.java, 73, 1addbe163ae49ab0b942496713471c735422e638, b438ca32d52078dc41ccb51f2282832fa11535dd
druid-io.druid, server/src/main/java/io/druid/indexer/SQLMetadataStorageUpdaterJobHandler.java, 73, 1addbe163ae49ab0b942496713471c735422e638, b438ca32d52078dc41ccb51f2282832fa11535dd
druid-io.druid, server/src/main/java/io/druid/indexer/SQLMetadataStorageUpdaterJobHandler.java, 73, 4c240da4e9e79317fe6f8f8d49a49aacfa0c7fd4, eb1df425b1f6183ce0f74f85e2de5a29ff14169e
druid-io.druid, server/src/main/java/io/druid/indexer/SQLMetadataStorageUpdaterJobHandler.java, 73, 4c240da4e9e79317fe6f8f8d49a49aacfa0c7fd4, eb1df425b1f6183ce0f74f85e2de5a29ff14169e
druid-io.druid, server/src/main/java/io/druid/curator/discovery/CuratorServiceUtils.java, 24, 31cda0b83032c8a9567446422a4228fb4886c684, 335fbebb9404419e015dcd62d358cb531efe38d4
druid-io.druid, server/src/test/java/io/druid/server/coordination/ServerManagerTest.java, 279, 780e4a27f74b52de0a0fff72c71d0006c60a2165, 024c5eed355c37aa28718017dc5e889136266869
druid-io.druid, server/src/test/java/io/druid/server/coordination/ServerManagerTest.java, 361, 780e4a27f74b52de0a0fff72c71d0006c60a2165, 024c5eed355c37aa28718017dc5e889136266869
druid-io.druid, server/src/test/java/io/druid/server/coordination/ServerManagerTest.java, 395, 780e4a27f74b52de0a0fff72c71d0006c60a2165, 024c5eed355c37aa28718017dc5e889136266869
druid-io.druid, server/src/test/java/io/druid/server/coordination/ServerManagerTest.java, 723, 780e4a27f74b52de0a0fff72c71d0006c60a2165, 024c5eed355c37aa28718017dc5e889136266869
druid-io.druid, server/src/test/java/io/druid/server/coordination/ServerManagerTest.java, 736, 780e4a27f74b52de0a0fff72c71d0006c60a2165, 024c5eed355c37aa28718017dc5e889136266869
druid-io.druid, server/src/test/java/io/druid/server/coordination/ServerManagerTest.java, 723, 313d81ca2fb88a734f46e0e144d5a1a44ee1c4cd, d4ca805cb915e064a7b82fc9f0f3cafb6a947179
druid-io.druid, server/src/test/java/io/druid/server/coordination/ServerManagerTest.java, 736, 313d81ca2fb88a734f46e0e144d5a1a44ee1c4cd, d4ca805cb915e064a7b82fc9f0f3cafb6a947179
druid-io.druid, server/src/main/java/io/druid/client/FilteredServerViewProvider.java, 27, de4cd039b300659a2c4d6b8451615fc64f114cf1, 69b75b6e4b8f1d757c1fee426d95ee07b9c5c2cc
druid-io.druid, server/src/main/java/io/druid/client/ServerInventoryViewProvider.java, 28, de4cd039b300659a2c4d6b8451615fc64f114cf1, 69b75b6e4b8f1d757c1fee426d95ee07b9c5c2cc
druid-io.druid, server/src/main/java/io/druid/client/FilteredServerViewProvider.java, 27, ba442b98826fc79e2ff536c269eb7f8df9916b3a, 69b75b6e4b8f1d757c1fee426d95ee07b9c5c2cc
druid-io.druid, server/src/main/java/io/druid/client/ServerInventoryViewProvider.java, 28, ba442b98826fc79e2ff536c269eb7f8df9916b3a, 69b75b6e4b8f1d757c1fee426d95ee07b9c5c2cc
druid-io.druid, server/src/main/java/io/druid/guice/http/DruidHttpClientConfig.java, 35, 2c62b9e6e3665b68d8859ce0db6b39cc927b94f3, 8045d0309f0cea2fd8565c8e45f864d18ca1e4b7
druid-io.druid, server/src/main/java/io/druid/guice/http/DruidHttpClientConfig.java, 35, 42cf20c9f1842cc9257fe271b7b8bc4367795b57, 3b29e778668dbacd322fa05c7c8e0407c0c1524a
druid-io.druid, server/src/main/java/io/druid/db/SQLMetadataConnector.java, 80, c2727dd063ee825119f627fdcf51a26a21d43fd5, 1f171a2b8600b96d8349993d3916b8340d54b049
druid-io.druid, processing/src/main/java/io/druid/data/input/ProtoBufInputRowParser.java, 70, 290107ce7b8d1d3401e26c44b860d61b78094d0c, 21ac3f2aab1eb7b83533daf9201f0bc2ab0078c3
druid-io.druid, processing/src/test/java/io/druid/data/input/ProtoBufInputRowParserTest.java, 60, 290107ce7b8d1d3401e26c44b860d61b78094d0c, 21ac3f2aab1eb7b83533daf9201f0bc2ab0078c3
druid-io.druid, server/src/test/java/io/druid/segment/realtime/FireDepartmentTest.java, 55, 290107ce7b8d1d3401e26c44b860d61b78094d0c, 21ac3f2aab1eb7b83533daf9201f0bc2ab0078c3
druid-io.druid, server/src/test/java/io/druid/segment/realtime/plumber/RealtimePlumberSchoolTest.java, 126, 290107ce7b8d1d3401e26c44b860d61b78094d0c, 21ac3f2aab1eb7b83533daf9201f0bc2ab0078c3
druid-io.druid, processing/src/main/java/io/druid/data/input/ProtoBufInputRowParser.java, 70, c25203e1409ed2a2474fd267259e85e1a67e7942, 8f7f497b55b3223229ab478eab41ede9d63a2691
druid-io.druid, processing/src/test/java/io/druid/data/input/ProtoBufInputRowParserTest.java, 60, c25203e1409ed2a2474fd267259e85e1a67e7942, 8f7f497b55b3223229ab478eab41ede9d63a2691
druid-io.druid, server/src/test/java/io/druid/segment/realtime/FireDepartmentTest.java, 55, c25203e1409ed2a2474fd267259e85e1a67e7942, 8f7f497b55b3223229ab478eab41ede9d63a2691
druid-io.druid, server/src/test/java/io/druid/segment/realtime/plumber/RealtimePlumberSchoolTest.java, 126, c25203e1409ed2a2474fd267259e85e1a67e7942, 8f7f497b55b3223229ab478eab41ede9d63a2691
druid-io.druid, indexing-service/src/main/java/io/druid/indexing/overlord/setup/FillCapacityWorkerSelectStrategy.java, 50, 575d51b0ce4182cb6712001e121358c103dfd26c, 4c23a5e9f655cf32b22048c96e49c94098d1f345
druid-io.druid, indexing-hadoop/src/main/java/io/druid/indexer/IndexGeneratorJob.java, 451, 296b9236fd1544637ae57d022c9e1dd9758577d0, a3a2c8b86f6abb319e4be31d71d69c4dc5e6b594
druid-io.druid, indexing-hadoop/src/main/java/io/druid/indexer/IndexGeneratorJob.java, 451, 296b9236fd1544637ae57d022c9e1dd9758577d0, a3a2c8b86f6abb319e4be31d71d69c4dc5e6b594
druid-io.druid, indexing-hadoop/src/main/java/io/druid/indexer/IndexGeneratorJob.java, 451, 2dd62979bbcb4172fc801c918a750e6fcc4ec648, 7cfe86b7bc0d7136418972ddacae4e2a38cc6380
druid-io.druid, indexing-hadoop/src/main/java/io/druid/indexer/IndexGeneratorJob.java, 451, 2dd62979bbcb4172fc801c918a750e6fcc4ec648, 7cfe86b7bc0d7136418972ddacae4e2a38cc6380
druid-io.druid, indexing-service/src/main/java/io/druid/indexing/firehose/IngestSegmentFirehoseFactory.java, 180, 32942def7634511d8dd8fb5c5040e4168521bfb5, a73670ee7b5daa535d03932ea1a856e5540211db
druid-io.druid, indexing-service/src/main/java/io/druid/indexing/firehose/IngestSegmentFirehoseFactory.java, 180, 32942def7634511d8dd8fb5c5040e4168521bfb5, a73670ee7b5daa535d03932ea1a856e5540211db
druid-io.druid, indexing-service/src/main/java/io/druid/indexing/firehose/IngestSegmentFirehoseFactory.java, 180, f006de8639371e844451db9024bcf4c8823b45b6, a73670ee7b5daa535d03932ea1a856e5540211db
druid-io.druid, indexing-service/src/main/java/io/druid/indexing/firehose/IngestSegmentFirehoseFactory.java, 180, f006de8639371e844451db9024bcf4c8823b45b6, a73670ee7b5daa535d03932ea1a856e5540211db
druid-io.druid, services/src/main/java/io/druid/cli/CliBridge.java, 74, 0209b7e44013c785bb6a7ed3e1c4bf6c842cb918, 7d592939c59ab258f8e92b92ca2b3d8effdade50
druid-io.druid, processing/src/main/java/io/druid/query/groupby/GroupByQueryQueryToolChest.java, 358, 3261fd879a17118dbf8664ceced117a9ecd9378a, 72eb64a40c7a7f337bcf36928b24e8052d87ceb3
druid-io.druid, processing/src/main/java/io/druid/query/groupby/GroupByQueryQueryToolChest.java, 358, 3261fd879a17118dbf8664ceced117a9ecd9378a, 72eb64a40c7a7f337bcf36928b24e8052d87ceb3
druid-io.druid, processing/src/main/java/io/druid/segment/LoggingProgressIndicator.java, 79, 197c80a69418a88d3baa4d0b2c8b056c7b411320, 12f4147df57593736fb69c17cfad3089eee7f543
druid-io.druid, processing/src/main/java/io/druid/segment/LoggingProgressIndicator.java, 79, 197c80a69418a88d3baa4d0b2c8b056c7b411320, 12f4147df57593736fb69c17cfad3089eee7f543
druid-io.druid, server/src/main/java/io/druid/server/coordinator/LoadQueuePeon.java, 177, 48b99e43fca1306ba54dad61bdacd4259673552b, 05b791376be55ddf3667450a763fd9635e41cb5c
druid-io.druid, server/src/main/java/io/druid/server/coordinator/LoadQueuePeon.java, 177, 48b99e43fca1306ba54dad61bdacd4259673552b, 05b791376be55ddf3667450a763fd9635e41cb5c
druid-io.druid, server/src/main/java/io/druid/server/coordinator/LoadQueuePeon.java, 209, 48b99e43fca1306ba54dad61bdacd4259673552b, 05b791376be55ddf3667450a763fd9635e41cb5c
druid-io.druid, server/src/main/java/io/druid/server/coordinator/LoadQueuePeon.java, 209, 48b99e43fca1306ba54dad61bdacd4259673552b, 05b791376be55ddf3667450a763fd9635e41cb5c
druid-io.druid, server/src/main/java/io/druid/segment/realtime/plumber/RealtimePlumber.java, 359, 179170224d6f8b547a7b6ba2c2fe3d1b17bde65b, f547049929ff97decdad6fbb5730aac8f41463a2
druid-io.druid, server/src/main/java/io/druid/server/router/PriorityTieredBrokerSelectorStrategy.java, 41, f1409f751a94e935f116cf2eb3732b56c128b501, d4cf2763ac7491309ab5775526755b29e5e67823
druid-io.druid, server/src/main/java/io/druid/server/router/TieredBrokerConfig.java, 63, f1409f751a94e935f116cf2eb3732b56c128b501, d4cf2763ac7491309ab5775526755b29e5e67823
druid-io.druid, server/src/test/java/io/druid/server/router/TieredBrokerHostSelectorTest.java, 85, d4cf2763ac7491309ab5775526755b29e5e67823, 8877ee97143e1eed99029be50bc62cc25c86d7e5
druid-io.druid, server/src/test/java/io/druid/server/router/TieredBrokerHostSelectorTest.java, 85, 8877ee97143e1eed99029be50bc62cc25c86d7e5, b3eb4cc5dac2d3fcee87394bf841a243bf0ccbe4
druid-io.druid, server/src/main/java/io/druid/server/router/PriorityTieredBrokerSelectorStrategy.java, 41, b3eb4cc5dac2d3fcee87394bf841a243bf0ccbe4, 627447c6f8715a61d5b91a58b0312ad7c61bc028
druid-io.druid, services/src/main/java/io/druid/guice/RealtimeModule.java, 68, 7803ca07e7c9e291003fab3d1878945dc2a76eee, f7319620c4d4d57e2dafd5ed95d2b7ce26490174
druid-io.druid, processing/src/main/java/io/druid/segment/QueryableIndexStorageAdapter.java, 511, df7a39a682e60326a8db7542da54d8f2308e5df1, 7aef463457a74bb8b68fb28dacd506af182141b9
druid-io.druid, services/src/main/java/io/druid/cli/CliPeon.java, 114, bf71d079f373a5f8761acb186472f89259612b5d, 0f3c474dee7f0fd7725865c491eec6064316cbfb
druid-io.druid, services/src/main/java/io/druid/guice/RealtimeModule.java, 68, bf71d079f373a5f8761acb186472f89259612b5d, 0f3c474dee7f0fd7725865c491eec6064316cbfb
druid-io.druid, server/src/test/java/io/druid/server/shard/HashBasedNumberedShardSpecTest.java, 200, 27c47507803729774b54977844d54495cfcb5b3b, bdfeccd092b3e0155715d338d851452f90c2eba9
druid-io.druid, processing/src/main/java/io/druid/query/aggregation/JavaScriptAggregatorFactory.java, 153, 5955ecf032d678aa27095bd5193e24ed865b32b4, 187b2beb47ce960f6cb01712a760218267168e68
druid-io.druid, processing/src/main/java/io/druid/query/aggregation/cardinality/CardinalityAggregatorFactory.java, 159, 5955ecf032d678aa27095bd5193e24ed865b32b4, 187b2beb47ce960f6cb01712a760218267168e68
druid-io.druid, processing/src/main/java/io/druid/query/dimension/DefaultDimensionSpec.java, 82, 642897dca3aabcd38f0aec1047ba593599cf03da, 2ee1defce937d736054cd6935b1906f5f93f8d1a
druid-io.druid, processing/src/main/java/io/druid/query/topn/PooledTopNAlgorithm.java, 119, 642897dca3aabcd38f0aec1047ba593599cf03da, 2ee1defce937d736054cd6935b1906f5f93f8d1a
druid-io.druid, indexing-hadoop/src/main/java/io/druid/indexer/HadoopIngestionSpec.java, 140, 9ec7c71e0fa14638eb82f170e7a57433b2951417, 61ceadbd579408106c9ea79ab58bc6ed9119b557
druid-io.druid, processing/src/test/java/io/druid/segment/TestIndex.java, 178, 9ec7c71e0fa14638eb82f170e7a57433b2951417, 61ceadbd579408106c9ea79ab58bc6ed9119b557
druid-io.druid, server/src/test/java/io/druid/segment/realtime/FireDepartmentTest.java, 54, 9ec7c71e0fa14638eb82f170e7a57433b2951417, 61ceadbd579408106c9ea79ab58bc6ed9119b557
druid-io.druid, server/src/test/java/io/druid/server/coordinator/rules/PeriodLoadRuleTest.java, 52, 3fd651c2359bc2e22de741942493590d9f1be6fc, 9ad0da0794e5c93e7d08772d68696892776c5e8b
druid-io.druid, server/src/test/java/io/druid/server/coordinator/rules/PeriodLoadRuleTest.java, 52, 3fd651c2359bc2e22de741942493590d9f1be6fc, 9ad0da0794e5c93e7d08772d68696892776c5e8b
druid-io.druid, server/src/test/java/io/druid/server/coordinator/rules/PeriodLoadRuleTest.java, 67, 3fd651c2359bc2e22de741942493590d9f1be6fc, 9ad0da0794e5c93e7d08772d68696892776c5e8b
druid-io.druid, server/src/test/java/io/druid/server/coordinator/rules/PeriodLoadRuleTest.java, 67, 3fd651c2359bc2e22de741942493590d9f1be6fc, 9ad0da0794e5c93e7d08772d68696892776c5e8b
druid-io.druid, server/src/main/java/io/druid/client/CachingQueryRunner.java, 85, 5d105e75982c88ffc958ef9de14266ae8522a0f9, 5e982752515dd52745d11d6dce6d6038dc482348
druid-io.druid, server/src/main/java/io/druid/client/CachingQueryRunner.java, 85, 5d105e75982c88ffc958ef9de14266ae8522a0f9, 5e982752515dd52745d11d6dce6d6038dc482348
druid-io.druid, indexing-hadoop/src/main/java/io/druid/indexer/DetermineHashedPartitionsJob.java, 351, 625a5418d2035a5598c46c33fe99405f71ab3c64, 1ca61237c10e891682da45d9a3014409320ac4a9
druid-io.druid, processing/src/main/java/io/druid/query/topn/TopNBinaryFn.java, 105, ecfa6bd1b16a9e2a5a80cf4dd3ff1146c48353c2, 22c3296aa3fa12b453b7cd20e221d7ea9a305f5f
druid-io.druid, processing/src/main/java/io/druid/query/topn/TopNBinaryFn.java, 105, ecfa6bd1b16a9e2a5a80cf4dd3ff1146c48353c2, 22c3296aa3fa12b453b7cd20e221d7ea9a305f5f
druid-io.druid, processing/src/main/java/io/druid/query/topn/TopNNumericResultBuilder.java, 79, ecfa6bd1b16a9e2a5a80cf4dd3ff1146c48353c2, 22c3296aa3fa12b453b7cd20e221d7ea9a305f5f
druid-io.druid, processing/src/main/java/io/druid/query/topn/TopNNumericResultBuilder.java, 79, ecfa6bd1b16a9e2a5a80cf4dd3ff1146c48353c2, 22c3296aa3fa12b453b7cd20e221d7ea9a305f5f
druid-io.druid, s3-extensions/src/test/java/io/druid/storage/s3/S3DataSegmentMoverTest.java, 65, fc80cf0f323b8f45dd7e80f5a4cc814ae6d691a7, 706143715114bb097c4175c8ff978defa77c7057
druid-io.druid, s3-extensions/src/test/java/io/druid/storage/s3/S3DataSegmentMoverTest.java, 85, fc80cf0f323b8f45dd7e80f5a4cc814ae6d691a7, 706143715114bb097c4175c8ff978defa77c7057
druid-io.druid, s3-extensions/src/test/java/io/druid/storage/s3/S3DataSegmentMoverTest.java, 106, fc80cf0f323b8f45dd7e80f5a4cc814ae6d691a7, 706143715114bb097c4175c8ff978defa77c7057
druid-io.druid, s3-extensions/src/test/java/io/druid/storage/s3/S3DataSegmentMoverTest.java, 65, c46a39b13e1bfccdc09301b26f9cc4804d417c3b, cfe2466e4914bb3377c907e735777afb60dffea0
druid-io.druid, s3-extensions/src/test/java/io/druid/storage/s3/S3DataSegmentMoverTest.java, 85, c46a39b13e1bfccdc09301b26f9cc4804d417c3b, cfe2466e4914bb3377c907e735777afb60dffea0
druid-io.druid, s3-extensions/src/test/java/io/druid/storage/s3/S3DataSegmentMoverTest.java, 106, c46a39b13e1bfccdc09301b26f9cc4804d417c3b, cfe2466e4914bb3377c907e735777afb60dffea0
druid-io.druid, processing/src/main/java/io/druid/query/groupby/GroupByQueryEngine.java, 185, e94badc917f7343820e4c40e1654f4c4b2c1901a, 3243505950039ad65ac8b259639959aeec40a782
druid-io.druid, processing/src/main/java/io/druid/query/groupby/GroupByQueryEngine.java, 185, e94badc917f7343820e4c40e1654f4c4b2c1901a, 3243505950039ad65ac8b259639959aeec40a782
druid-io.druid, processing/src/main/java/io/druid/query/groupby/GroupByQueryEngine.java, 185, e0e43deaec26384766a61874db4aaa6bda4ae415, 8138d96f9d84d2d16dfc59f2187f3b57d52f5aed
druid-io.druid, processing/src/main/java/io/druid/query/groupby/GroupByQueryEngine.java, 185, e0e43deaec26384766a61874db4aaa6bda4ae415, 8138d96f9d84d2d16dfc59f2187f3b57d52f5aed
druid-io.druid, server/src/main/java/io/druid/client/BrokerServerView.java, 152, 4b902aed232e9ad30cc3ecad518491f97cac2ab4, 82fd35726fcf920d047dee6229335a4a17a27a94
druid-io.druid, server/src/main/java/io/druid/segment/realtime/plumber/RealtimePlumberSchool.java, 95, facc9c51d37dad77ba2908c32b8ff43f405b7421, 6b395910307240e607632af3bd547a2b9f73c68f
druid-io.druid, processing/src/main/java/io/druid/segment/QueryableIndexStorageAdapter.java, 493, 022423e200ae95a00393c3e4551a1985705795d8, 4a9c255cdea6db11a0307c6e7b03d7465ec39012
druid-io.druid, processing/src/main/java/io/druid/segment/QueryableIndexStorageAdapter.java, 493, 022423e200ae95a00393c3e4551a1985705795d8, 4a9c255cdea6db11a0307c6e7b03d7465ec39012
druid-io.druid, indexing-service/src/main/java/io/druid/indexing/overlord/scaling/SimpleResourceManagementStrategy.java, 206, 26991b5a2a33bc91cefdf958ffa2973e27eeebb3, 837dee1934b7d94dc44154a82aec450507a27e88
druid-io.druid, indexing-hadoop/src/main/java/io/druid/indexer/HadoopDruidIndexerMapper.java, 65, 4ba8a44239804bb05c385384400f52ab978a1070, 25c3f28907cd8d85db5ff91a69051b47169a510b
druid-io.druid, indexing-hadoop/src/main/java/io/druid/indexer/HadoopDruidIndexerMapper.java, 65, 52746b8ea6d15e1814adbc657c7d64ee1af2af36, 25c3f28907cd8d85db5ff91a69051b47169a510b
druid-io.druid, s3-extensions/src/main/java/io/druid/storage/s3/S3DataSegmentMover.java, 37, 3ae48a8191bda71e900bee767847ce56873a8c57, 4a291fdf3094886e20d65b87554a6a5debd0a4f6
druid-io.druid, server/src/main/java/io/druid/segment/realtime/plumber/FlushingPlumber.java, 185, d9762ac9bd5c578bc9b975dd1233cfea917134b2, 5fe0a8f2fb6546dda4d90abc834d9367ad13456a
druid-io.druid, server/src/main/java/io/druid/segment/realtime/plumber/FlushingPlumber.java, 185, d9762ac9bd5c578bc9b975dd1233cfea917134b2, 5fe0a8f2fb6546dda4d90abc834d9367ad13456a
druid-io.druid, processing/src/test/java/io/druid/query/QueryRunnerTestHelper.java, 113, b78919c729be298474c00bd8a3504160408dcfc2, ae5a4ff54ceaa6d28a305f057cfecd62b067461a
druid-io.druid, processing/src/test/java/io/druid/query/metadata/SegmentAnalyzerTest.java, 50, b78919c729be298474c00bd8a3504160408dcfc2, ae5a4ff54ceaa6d28a305f057cfecd62b067461a
druid-io.druid, processing/src/test/java/io/druid/query/timeseries/TimeseriesQueryRunnerBonusTest.java, 93, b78919c729be298474c00bd8a3504160408dcfc2, ae5a4ff54ceaa6d28a305f057cfecd62b067461a
druid-io.druid, processing/src/test/java/io/druid/segment/filter/SpatialFilterBonusTest.java, 86, b78919c729be298474c00bd8a3504160408dcfc2, ae5a4ff54ceaa6d28a305f057cfecd62b067461a
druid-io.druid, processing/src/test/java/io/druid/segment/filter/SpatialFilterTest.java, 86, b78919c729be298474c00bd8a3504160408dcfc2, ae5a4ff54ceaa6d28a305f057cfecd62b067461a
druid-io.druid, server/src/test/java/io/druid/client/client/BatchServerInventoryViewTest.java, 201, 929b2336a908ed1ddbe427ecf4f2d77aa9dce787, 1a3a1221c24af7d256869c7ba14600c514c72354
druid-io.druid, services/src/main/java/io/druid/guice/RealtimeModule.java, 51, ddb6e83f170ced7f2746d5ad81e0086d7087b9f1, 99127a214adeed1594d3df96369782563c43250a
druid-io.druid, kafka-eight/src/main/java/io/druid/firehose/kafka/KafkaEightDruidModule.java, 41, 9be644847ecd6c621d8267acebc7c0aa0f13063b, 9fb614c7737b9e2e506a2b9c9f3de6e7ac87f191
druid-io.druid, processing/src/main/java/io/druid/query/aggregation/post/JavaScriptPostAggregator.java, 55, 66181be1c62816d916c9301dddd2c8c5bc7be1dc, 04e285638e74f21eef706e9a71fe8fcd1ee15b1f
druid-io.druid, processing/src/main/java/io/druid/query/aggregation/post/JavaScriptPostAggregator.java, 119, 66181be1c62816d916c9301dddd2c8c5bc7be1dc, 04e285638e74f21eef706e9a71fe8fcd1ee15b1f
druid-io.druid, indexing-service/src/main/java/com/metamx/druid/indexing/coordinator/RemoteTaskRunner.java, 664, e283de68318f4e0568cc703c357e695c72d8bce1, baedacf9708d9c04b373f83df3d75b6aaf72aaa9
druid-io.druid, indexing-service/src/main/java/com/metamx/druid/indexing/coordinator/RemoteTaskRunner.java, 664, e283de68318f4e0568cc703c357e695c72d8bce1, baedacf9708d9c04b373f83df3d75b6aaf72aaa9
druid-io.druid, indexing-service/src/main/java/com/metamx/druid/indexing/coordinator/TaskMasterLifecycle.java, 271, b102d67173da3ca972abf7fcd0a2f779ef9870a3, 25e330780ca35fa44046888b99d076b2a3a46e02
druid-io.druid, indexing-service/src/main/java/com/metamx/druid/indexing/coordinator/TaskMasterLifecycle.java, 271, b102d67173da3ca972abf7fcd0a2f779ef9870a3, 25e330780ca35fa44046888b99d076b2a3a46e02
druid-io.druid, server/src/main/java/com/metamx/druid/loading/OmniSegmentLoader.java, 214, 7ebe053ac1abce6e3b218beaee801ebbc6da2ecb, 4a64ce37ed3207c858a1dee41e2a6d366218d8be
druid-io.druid, server/src/main/java/com/metamx/druid/loading/SingleSegmentLoader.java, 213, 7ebe053ac1abce6e3b218beaee801ebbc6da2ecb, 4a64ce37ed3207c858a1dee41e2a6d366218d8be
druid-io.druid, server/src/main/java/com/metamx/druid/master/DruidMaster.java, 98, 764863d6f5692fde63e4a2f6cdd627cd8eec4e0a, 01b35ec81938a6754a88fdeda2cf96eccbf4be75
druid-io.druid, indexing-service/src/main/java/com/metamx/druid/indexing/coordinator/RemoteTaskRunner.java, 694, df883a9823b4c1b84a2e5543fcbea121cdaeddb5, 4617d37e28a052be85c203e2f74fcafb47bcf6dd
druid-io.druid, indexing-service/src/main/java/com/metamx/druid/indexing/coordinator/RemoteTaskRunner.java, 694, df883a9823b4c1b84a2e5543fcbea121cdaeddb5, 4617d37e28a052be85c203e2f74fcafb47bcf6dd
druid-io.druid, indexing-service/src/main/java/com/metamx/druid/indexing/coordinator/ZkWorker.java, 135, 626cf14a6e42fa0a2d144e8e16940e09bafd754a, a95d9c46e2f7bb9bec968f8392ac62ccda6c0283
druid-io.druid, indexing-service/src/main/java/com/metamx/druid/indexing/coordinator/ZkWorker.java, 135, 626cf14a6e42fa0a2d144e8e16940e09bafd754a, a95d9c46e2f7bb9bec968f8392ac62ccda6c0283
druid-io.druid, indexing-service/src/main/java/com/metamx/druid/indexing/coordinator/ZkWorker.java, 140, 626cf14a6e42fa0a2d144e8e16940e09bafd754a, a95d9c46e2f7bb9bec968f8392ac62ccda6c0283
druid-io.druid, indexing-service/src/main/java/com/metamx/druid/indexing/coordinator/ZkWorker.java, 140, 626cf14a6e42fa0a2d144e8e16940e09bafd754a, a95d9c46e2f7bb9bec968f8392ac62ccda6c0283
druid-io.druid, indexing-service/src/main/java/com/metamx/druid/indexing/coordinator/scaling/EC2AutoScalingStrategy.java, 221, 626cf14a6e42fa0a2d144e8e16940e09bafd754a, a95d9c46e2f7bb9bec968f8392ac62ccda6c0283
druid-io.druid, indexing-service/src/main/java/com/metamx/druid/indexing/coordinator/scaling/EC2AutoScalingStrategy.java, 221, 626cf14a6e42fa0a2d144e8e16940e09bafd754a, a95d9c46e2f7bb9bec968f8392ac62ccda6c0283
druid-io.druid, indexing-service/src/main/java/com/metamx/druid/indexing/coordinator/scaling/EC2AutoScalingStrategy.java, 253, 626cf14a6e42fa0a2d144e8e16940e09bafd754a, a95d9c46e2f7bb9bec968f8392ac62ccda6c0283
druid-io.druid, indexing-service/src/main/java/com/metamx/druid/indexing/coordinator/scaling/EC2AutoScalingStrategy.java, 253, 626cf14a6e42fa0a2d144e8e16940e09bafd754a, a95d9c46e2f7bb9bec968f8392ac62ccda6c0283
druid-io.druid, indexing-service/src/main/java/com/metamx/druid/indexing/coordinator/scaling/SimpleResourceManagementStrategy.java, 75, 626cf14a6e42fa0a2d144e8e16940e09bafd754a, a95d9c46e2f7bb9bec968f8392ac62ccda6c0283
druid-io.druid, indexing-service/src/main/java/com/metamx/druid/indexing/coordinator/scaling/SimpleResourceManagementStrategy.java, 75, 626cf14a6e42fa0a2d144e8e16940e09bafd754a, a95d9c46e2f7bb9bec968f8392ac62ccda6c0283
druid-io.druid, server/src/main/java/com/metamx/druid/coordination/ZkCoordinator.java, 264, cd0fa34a73bfd38b133fc0e1a28f4d26b947cfc7, 9d80369c2b6a23e183604ba0094afaa6f27b9019
druid-io.druid, merger/src/main/java/com/metamx/druid/merger/coordinator/RemoteTaskRunner.java, 690, 89eb2aff5a0094a018c4535d17caaaa1fb77c24e, 3e3f2c2da7bcc7ae06cee1ac738f99654516c8cd
druid-io.druid, merger/src/main/java/com/metamx/druid/merger/coordinator/RemoteTaskRunner.java, 690, 89eb2aff5a0094a018c4535d17caaaa1fb77c24e, 3e3f2c2da7bcc7ae06cee1ac738f99654516c8cd
druid-io.druid, merger/src/main/java/com/metamx/druid/merger/worker/executor/ExecutorMain.java, 40, 8ce55ac632d89935288ef4a6fc1cdb640fef3884, 8948c8d4ca3aa28aae5e12fee0a587d9c4d14040
druid-io.druid, merger/src/main/java/com/metamx/druid/merger/coordinator/ForkingTaskRunner.java, 162, 3884ebbc3ea4a04fb6f90973c383a201726b7aeb, 3cfa081c6cb016080fb8530191a1518ba8202ba1
druid-io.druid, merger/src/main/java/com/metamx/druid/merger/coordinator/ForkingTaskRunner.java, 162, 3884ebbc3ea4a04fb6f90973c383a201726b7aeb, 3cfa081c6cb016080fb8530191a1518ba8202ba1
druid-io.druid, server/src/main/java/com/metamx/druid/index/v1/IncrementalIndexStorageAdapter.java, 167, 16e4cd4291c51fa1a2a9e3a189c8c57cd09d6901, c0397aa67c40dc8a7facca3f60ed2de769354a26
druid-io.druid, server/src/main/java/com/metamx/druid/index/v1/QueryableIndexStorageAdapter.java, 275, d722c995302f88cd0d00a0db585a8903a3da8517, cc08d6029fc0fced162aa150f7948ffa54ed79f8
druid-io.druid, server/src/main/java/com/metamx/druid/index/v1/IndexGranularity.java, 207, f8d9a3b19b8a69e20c4469b541a5ae96b07e7cc8, d9b9f73494724d873968a014c1622b0b14b9e262
druid-io.druid, server/src/main/java/com/metamx/druid/index/v1/IndexGranularity.java, 276, f8d9a3b19b8a69e20c4469b541a5ae96b07e7cc8, d9b9f73494724d873968a014c1622b0b14b9e262
druid-io.druid, server/src/test/java/com/metamx/druid/master/DruidMasterRuleRunnerTest.java, 921, 7540dd58cad2662684c60f7ebc5d86b4841382c3, e2862fe1fbad834faf83d83942fbf8e28a2d73f2
druid-io.druid, server/src/test/java/com/metamx/druid/master/DruidMasterRuleRunnerTest.java, 966, 7540dd58cad2662684c60f7ebc5d86b4841382c3, e2862fe1fbad834faf83d83942fbf8e28a2d73f2
druid-io.druid, server/src/main/java/com/metamx/druid/master/SegmentReplicantLookup.java, 55, db556102db1b01327240df5c6265df1912104ec3, f9386c36231f158e62731bc09f3182f1e6e6aa47
druid-io.druid, server/src/main/java/com/metamx/druid/master/SegmentReplicantLookup.java, 55, db556102db1b01327240df5c6265df1912104ec3, f9386c36231f158e62731bc09f3182f1e6e6aa47
druid-io.druid, server/src/main/java/com/metamx/druid/master/rules/LoadRule.java, 87, 884da334b2b75ff063dabcbd6470938697ae7ff8, 0821dce8c134b87bb9fbab0c04d858bde17e546e
druid-io.druid, server/src/main/java/com/metamx/druid/master/rules/LoadRule.java, 87, 884da334b2b75ff063dabcbd6470938697ae7ff8, 0821dce8c134b87bb9fbab0c04d858bde17e546e
druid-io.druid, server/src/main/java/com/metamx/druid/master/ServerHolder.java, 99, 404f6322c65eac5a8b4aea4205cab1f79988e9f4, 9eb28254f8b84e2607b9a3a0c623874b9bebd16b
druid-io.druid, client/src/main/java/com/metamx/druid/client/cache/MemcachedCacheBroker.java, 134, c6e641e81964da8454021be53adb1e585eaf38e0, 01dc787261af1989715258e7fe3b2d635e135d73
druid-io.druid, merger/src/main/java/com/metamx/druid/merger/coordinator/http/IndexerCoordinatorNode.java, 483, e668660a9ca77bc1bfc091967cc10975594d884e, 5859599365d419aa7aa8117b180512884a4d8f6f
druid-io.druid, merger/src/main/java/com/metamx/druid/merger/coordinator/http/IndexerCoordinatorNode.java, 483, e668660a9ca77bc1bfc091967cc10975594d884e, 5859599365d419aa7aa8117b180512884a4d8f6f
