facebook.presto, presto-hive/src/main/java/com/facebook/presto/hive/s3/PrestoS3FileSystem.java, 547, 958fa58492daee485f640bf3261449d9bab9ee6e, 381a9d2e70e976531aa3d3962a0965d91a17140d
facebook.presto, presto-hive/src/test/java/com/facebook/presto/hive/s3/TestPrestoS3FileSystem.java, 236, 958fa58492daee485f640bf3261449d9bab9ee6e, 381a9d2e70e976531aa3d3962a0965d91a17140d
facebook.presto, presto-hive/src/test/java/com/facebook/presto/hive/s3/TestPrestoS3FileSystem.java, 252, 958fa58492daee485f640bf3261449d9bab9ee6e, 381a9d2e70e976531aa3d3962a0965d91a17140d
facebook.presto, presto-hive/src/test/java/com/facebook/presto/hive/s3/TestPrestoS3FileSystem.java, 360, 958fa58492daee485f640bf3261449d9bab9ee6e, 381a9d2e70e976531aa3d3962a0965d91a17140d
facebook.presto, presto-hive/src/test/java/com/facebook/presto/hive/s3/TestPrestoS3FileSystem.java, 412, 958fa58492daee485f640bf3261449d9bab9ee6e, 381a9d2e70e976531aa3d3962a0965d91a17140d
facebook.presto, presto-main/src/main/java/com/facebook/presto/sql/planner/planPrinter/PlanPrinter.java, 159, 70c31b498c5083f9efc1914b679737235826149f, 3cb676a4593b1b6b4426d76a87b16489cf41b336
facebook.presto, presto-main/src/main/java/com/facebook/presto/sql/planner/planPrinter/PlanPrinter.java, 159, 70c31b498c5083f9efc1914b679737235826149f, 3cb676a4593b1b6b4426d76a87b16489cf41b336
facebook.presto, presto-main/src/main/java/com/facebook/presto/sql/planner/planPrinter/PlanPrinter.java, 163, 70c31b498c5083f9efc1914b679737235826149f, 3cb676a4593b1b6b4426d76a87b16489cf41b336
facebook.presto, presto-main/src/main/java/com/facebook/presto/sql/planner/planPrinter/PlanPrinter.java, 163, 70c31b498c5083f9efc1914b679737235826149f, 3cb676a4593b1b6b4426d76a87b16489cf41b336
facebook.presto, presto-verifier/src/main/java/com/facebook/presto/verifier/framework/QueryRewriter.java, 109, 03d70ad6fdf692ec23cf00bfa5b6e9093c77f0b4, 7518a70d01edd99de9ebdc7e8cedefb11b298563
facebook.presto, presto-verifier/src/main/java/com/facebook/presto/verifier/framework/QueryRewriter.java, 126, 03d70ad6fdf692ec23cf00bfa5b6e9093c77f0b4, 7518a70d01edd99de9ebdc7e8cedefb11b298563
facebook.presto, presto-main/src/test/java/com/facebook/presto/sql/planner/assertions/RowExpressionVerifier.java, 140, c801fd79fae4bf687cbf44ae8d391b080508a2dd, 8fb01b585e58b76ce0e405e4da015b525ca66b0c
facebook.presto, presto-main/src/test/java/com/facebook/presto/sql/planner/assertions/RowExpressionVerifier.java, 140, c801fd79fae4bf687cbf44ae8d391b080508a2dd, 8fb01b585e58b76ce0e405e4da015b525ca66b0c
facebook.presto, presto-main/src/main/java/com/facebook/presto/execution/QueryStateMachine.java, 484, 7bd1426548ed403be685f65b57179394d17cadcc, f65d4d9d840e06f742659f7ecf4b6cd95d342403
facebook.presto, presto-main/src/main/java/com/facebook/presto/sql/planner/plan/ExchangeNode.java, 123, 95cbe760e15985289b0cd901b91b0aa8f66cfac2, 1f00cf22e858bebb20ce0fcca37991cf6e239de8
facebook.presto, presto-hive/src/test/java/com/facebook/presto/hive/s3/TestHiveS3Config.java, 36, 4666559c319d6b1118568b03083d9e12479018d4, b9175e2a9948f9ab653c3421b4871ef988bfc4c6
facebook.presto, presto-hive/src/test/java/com/facebook/presto/hive/s3/TestHiveS3Config.java, 97, 4666559c319d6b1118568b03083d9e12479018d4, b9175e2a9948f9ab653c3421b4871ef988bfc4c6
facebook.presto, presto-main/src/main/java/com/facebook/presto/SystemSessionProperties.java, 186, d6a891e13eb646dfbfd5d7e0d9c1791b4c9a9b18, e78c69ed1abfded400d9d58c94f39ce8c296a53b
facebook.presto, presto-hive/src/main/java/com/facebook/presto/hive/metastore/SemiTransactionalHiveMetastore.java, 1461, ae376bd69f5d5ee6d0461abd00b7870d8e26960b, 15cde0d69ac71add991299b9b11ccca9c832232c
facebook.presto, presto-main/src/main/java/com/facebook/presto/sql/planner/planPrinter/PlanPrinter.java, 730, 15cde0d69ac71add991299b9b11ccca9c832232c, b62e4bbbe1f909b2817419c7f56e6fe1a2aea3aa
facebook.presto, presto-hive/src/main/java/com/facebook/presto/hive/metastore/MetastoreUtil.java, 180, ddfc832922cf8edce42fbc3d6dad9bfe15f4648c, 4004b0fde0e9ac1ff7429604d8d0b2a8ed52c5d3
facebook.presto, presto-main/src/test/java/com/facebook/presto/cost/TestSemiJoinStatsCalculator.java, 207, dad70872c09aa162f4567263f677a49b0455be76, 8445be07cb4d3c1892a5300f7d987d7a7051dbd9
facebook.presto, presto-main/src/test/java/com/facebook/presto/cost/TestSemiJoinStatsCalculator.java, 207, dad70872c09aa162f4567263f677a49b0455be76, 8445be07cb4d3c1892a5300f7d987d7a7051dbd9
facebook.presto, presto-main/src/test/java/com/facebook/presto/cost/TestSemiJoinStatsCalculator.java, 217, dad70872c09aa162f4567263f677a49b0455be76, 8445be07cb4d3c1892a5300f7d987d7a7051dbd9
facebook.presto, presto-main/src/test/java/com/facebook/presto/cost/TestSemiJoinStatsCalculator.java, 217, dad70872c09aa162f4567263f677a49b0455be76, 8445be07cb4d3c1892a5300f7d987d7a7051dbd9
facebook.presto, presto-main/src/main/java/com/facebook/presto/execution/scheduler/ScheduleResult.java, 113, 6a654d972b09abc6b3fb9e829ca7d226ea25adb9, fadbdab11ecf4903015de261ede0698a99cc06f9
facebook.presto, presto-main/src/main/java/com/facebook/presto/transaction/InMemoryTransactionManager.java, 252, 8937e1332466715fe8c001abfce055e20d1af019, cbe66e90a26f5f18951a0dec732f9f1056896165
facebook.presto, presto-main/src/main/java/com/facebook/presto/version/EmbedVersion.java, 85, bef3817b62b1d1e399aabcf7df5b6ebfe0e1a8a5, 258a0f37bddf0f66d3fe045e0bbfa6dbe62ae97c
facebook.presto, presto-main/src/main/java/com/facebook/presto/server/protocol/Query.java, 419, 84a3d0b65bf27867edeb1617498726558ce73062, 1b5af9069b5e07841c01a950c0eb592ebdd6aa67
facebook.presto, presto-main/src/main/java/com/facebook/presto/server/protocol/Query.java, 419, 84a3d0b65bf27867edeb1617498726558ce73062, 1b5af9069b5e07841c01a950c0eb592ebdd6aa67
facebook.presto, presto-hive/src/main/java/com/facebook/presto/hive/HiveUtil.java, 393, e9f858336e2ca5427369e024618dcbf952507cc5, a9a8d87fe56b93aab123db11b0eff1867a47b3b3
facebook.presto, presto-main/src/test/java/com/facebook/presto/operator/BenchmarkWindowOperator.java, 219, 49a4a256f9c9959e84d09855b73fabec1e8a235c, d1d8a89a466a872e75ea17edff100d39e29650b5
facebook.presto, presto-main/src/main/java/com/facebook/presto/operator/JoinUtils.java, 22, 19b42d810ff7c7924e84ec624385320a1bea96ef, 8ab08fb4b08708643850320cd88bdb50f3f7a49b
facebook.presto, presto-main/src/main/java/com/facebook/presto/server/PrestoSystemRequirements.java, 107, cdd2f673c253f0103756957467ee74db81829d98, 30d455ec987b257b704b96428a494c7c9066d9d5
facebook.presto, presto-parser/src/main/java/com/facebook/presto/sql/parser/ErrorHandler.java, 89, 8e044027612e7f383e3ccdf2f976b4212edd1283, 999e0aa1859fcd917e3ddf8702a3af2d5731c495
facebook.presto, presto-spi/src/main/java/com/facebook/presto/spi/block/SingleRowBlock.java, 58, 175ad301ad86b5b5f5eae58f0fd97aecc0345014, 50ed39f50ffe60fb03cd9e8f467157ce2db81638
facebook.presto, presto-product-tests/src/main/java/com/facebook/presto/tests/hive/TestHiveTableStatistics.java, 285, e907dbe391122f632a974c54bb0ff79d04c1bd2d, daff49aeccb7cd351f5f7057f54cbabe65946f99
facebook.presto, presto-product-tests/src/main/java/com/facebook/presto/tests/hive/TestHiveTableStatistics.java, 292, e907dbe391122f632a974c54bb0ff79d04c1bd2d, daff49aeccb7cd351f5f7057f54cbabe65946f99
facebook.presto, presto-product-tests/src/main/java/com/facebook/presto/tests/hive/TestHiveTableStatistics.java, 310, e907dbe391122f632a974c54bb0ff79d04c1bd2d, daff49aeccb7cd351f5f7057f54cbabe65946f99
facebook.presto, presto-product-tests/src/main/java/com/facebook/presto/tests/hive/TestHiveTableStatistics.java, 317, e907dbe391122f632a974c54bb0ff79d04c1bd2d, daff49aeccb7cd351f5f7057f54cbabe65946f99
facebook.presto, presto-product-tests/src/main/java/com/facebook/presto/tests/hive/TestHiveTableStatistics.java, 324, e907dbe391122f632a974c54bb0ff79d04c1bd2d, daff49aeccb7cd351f5f7057f54cbabe65946f99
facebook.presto, presto-main/src/main/java/com/facebook/presto/cost/PlanNodeStatsEstimate.java, 38, f56894832282ce8373d6be58d2f5926b16148976, 4278c9b6765e8889efc0d50ddc3bb3d0b3110a78
facebook.presto, presto-orc/src/main/java/com/facebook/presto/orc/stream/OrcInputStream.java, 70, 48ea8f3eaa9a3047893d0acd5304035912ebb681, 686aaadd7959226f731e7161f5b08d4ab24055f8
facebook.presto, presto-orc/src/main/java/com/facebook/presto/orc/stream/OrcInputStream.java, 70, 48ea8f3eaa9a3047893d0acd5304035912ebb681, 686aaadd7959226f731e7161f5b08d4ab24055f8
facebook.presto, presto-orc/src/main/java/com/facebook/presto/orc/stream/OrcInputStream.java, 86, 48ea8f3eaa9a3047893d0acd5304035912ebb681, 686aaadd7959226f731e7161f5b08d4ab24055f8
facebook.presto, presto-orc/src/main/java/com/facebook/presto/orc/stream/OrcInputStream.java, 86, 48ea8f3eaa9a3047893d0acd5304035912ebb681, 686aaadd7959226f731e7161f5b08d4ab24055f8
facebook.presto, presto-hive/src/main/java/com/facebook/presto/hive/util/SortBuffer.java, 88, acb1b41805a108bf3b9052af416510b5b5f4636d, bcfba9fcab5a4cd297b0c4fc056cb9ae15406cf5
facebook.presto, presto-hive/src/main/java/com/facebook/presto/hive/util/SortBuffer.java, 88, acb1b41805a108bf3b9052af416510b5b5f4636d, bcfba9fcab5a4cd297b0c4fc056cb9ae15406cf5
facebook.presto, presto-hive/src/main/java/com/facebook/presto/hive/metastore/thrift/ThriftHiveMetastoreClient.java, 153, 6efaa261a643a8ed1059b1adb4a6f902789a462e, f3978ed0f9213b5e8f51e2381abbf3f53d6d9048
facebook.presto, presto-main/src/main/java/com/facebook/presto/server/security/AuthenticationFilter.java, 99, b30c9ba15edd3060a51d6e46a735cdbd838ada7f, 29dc0b93701b6ccb435daf51b94228c6b163e36f
facebook.presto, presto-main/src/main/java/com/facebook/presto/server/security/AuthenticationFilter.java, 99, b30c9ba15edd3060a51d6e46a735cdbd838ada7f, 29dc0b93701b6ccb435daf51b94228c6b163e36f
facebook.presto, presto-main/src/main/java/com/facebook/presto/server/CoordinatorModule.java, 148, 3a06b2912286fded8cd90996525876b73d87ea92, a4ed9b70372354692239b23e58fda926fba2db95
facebook.presto, presto-geospatial/src/main/java/com/facebook/presto/plugin/geospatial/BingTileFunctions.java, 472, 4e5331a21a2efbf87f31b2ccde50208a9ac31046, 50d13df01d20ed1f4a8a9131c09d1301e9ac963b
facebook.presto, presto-hive/src/main/java/com/facebook/presto/hive/HiveSplitManager.java, 291, ab46f2477a01e3d3e3dfcc10e249ae1349d72991, 55300c81a28017ab8d19ab615e9d99949900a1e6
facebook.presto, presto-hive/src/main/java/com/facebook/presto/hive/HiveSplitManager.java, 291, ab46f2477a01e3d3e3dfcc10e249ae1349d72991, 55300c81a28017ab8d19ab615e9d99949900a1e6
facebook.presto, presto-main/src/test/java/com/facebook/presto/operator/scalar/FunctionAssertions.java, 629, 9ccdcd329701d68eca26f144807bc13e1d82f3cd, 5192ed99aac9040e1fbfbca5f766bc12011cd69b
facebook.presto, presto-main/src/main/java/com/facebook/presto/operator/MultiChannelGroupByHash.java, 635, 0095d1d5839085cb2d299a0956a22e7b2958688f, 84be87ec8b76a97d617f5d72094dc9aaca8621e8
facebook.presto, presto-orc/src/main/java/com/facebook/presto/orc/OrcOutputBuffer.java, 229, 96d28a7ac975cd67a0697d7010e89473bb0716e1, 6c08d90042e8c018c52f16e2272b1e7dbb3fad89
facebook.presto, presto-orc/src/main/java/com/facebook/presto/orc/OrcOutputBuffer.java, 229, 96d28a7ac975cd67a0697d7010e89473bb0716e1, 6c08d90042e8c018c52f16e2272b1e7dbb3fad89
facebook.presto, presto-main/src/main/java/com/facebook/presto/sql/planner/iterative/rule/PreconditionRules.java, 31, 998d200618f6c6699f8bacd059ffda7c54f4d39e, 5bcc5b810895eb0463cd285f1689212b6ace7ba4
facebook.presto, presto-main/src/main/java/com/facebook/presto/sql/planner/iterative/rule/PreconditionRules.java, 31, 998d200618f6c6699f8bacd059ffda7c54f4d39e, 5bcc5b810895eb0463cd285f1689212b6ace7ba4
facebook.presto, presto-spi/src/main/java/com/facebook/presto/spi/block/AbstractSingleArrayBlock.java, 28, e2ecd6fd07c9c2bb437463cca31a7f18e525675f, 1ae191089bb87bc60c5e1402441b1e9fa416bee9
facebook.presto, presto-spi/src/main/java/com/facebook/presto/spi/block/SingleArrayBlockWriter.java, 38, e2ecd6fd07c9c2bb437463cca31a7f18e525675f, 1ae191089bb87bc60c5e1402441b1e9fa416bee9
facebook.presto, presto-product-tests/src/main/java/com/facebook/presto/tests/jdbc/LdapSimbaJdbcTests.java, 141, b19495efb6fc2f8d656141a46ff61bea8a5731b3, 80a19d640cfe6505889a612f6ee9e5780fbd0c0d
facebook.presto, presto-main/src/main/java/com/facebook/presto/operator/scalar/SequenceFunction.java, 160, f0878162c7c12ed87b0d7953632811442af36dc3, 8088788aa438689d2b662f31905993dfc6a593a0
facebook.presto, presto-main/src/test/java/com/facebook/presto/operator/aggregation/TestStateCompiler.java, 258, 165540532a351f8c2c249f0aad2b1827441aa46e, f4a644df54da667a2052e6a57d5ce552ed2e48af
facebook.presto, presto-main/src/test/java/com/facebook/presto/operator/aggregation/TestStateCompiler.java, 286, 165540532a351f8c2c249f0aad2b1827441aa46e, f4a644df54da667a2052e6a57d5ce552ed2e48af
facebook.presto, presto-spi/src/main/java/com/facebook/presto/spi/memory/MemoryPoolInfo.java, 46, c81c6ad44ba6bd2ff42c9fe7d336b863f3574405, b08ec028c6ecca511b734e2f0fc8a62edc1d2bfb
facebook.presto, presto-main/src/main/java/com/facebook/presto/testing/MaterializedResult.java, 192, a7fa6dab83a23d885554eff6786e3eee69fb795a, 4ce94e057436c1eb4d888a6e164ca7392307c755
facebook.presto, presto-bytecode/src/main/java/com/facebook/presto/bytecode/instruction/InvokeInstruction.java, 360, 4eb2512dfb649d34c29b7ae62214b2c354ee1a8e, be3e0767ced067d5b72398dfb468da56458dec2a
facebook.presto, presto-base-jdbc/src/main/java/com/facebook/presto/plugin/jdbc/BaseJdbcClient.java, 530, a77c7ff49e8091a4e40951212b0f04d786adf8e9, a0f257c6f3af830af1d42e1c118c1b01a701405a
facebook.presto, presto-base-jdbc/src/main/java/com/facebook/presto/plugin/jdbc/BaseJdbcClient.java, 530, a77c7ff49e8091a4e40951212b0f04d786adf8e9, a0f257c6f3af830af1d42e1c118c1b01a701405a
facebook.presto, presto-spi/src/main/java/com/facebook/presto/spi/block/SingleRowBlockWriter.java, 213, 7f16b343eb4bdffd477aa5a8fb3c80b9b54e5602, 54629737d4ed4d1be2e1637ddd1b1ee523b58f69
facebook.presto, presto-main/src/main/java/com/facebook/presto/execution/resourceGroups/InternalResourceGroup.java, 840, b16ab7c7615dbf555ee60f5bac09821d1886e136, 5358a9d6a1190f72fb22fbd753e820aa10066ed2
facebook.presto, presto-main/src/test/java/com/facebook/presto/execution/resourceGroups/TestResourceGroups.java, 180, b16ab7c7615dbf555ee60f5bac09821d1886e136, 5358a9d6a1190f72fb22fbd753e820aa10066ed2
facebook.presto, presto-main/src/test/java/com/facebook/presto/execution/resourceGroups/TestResourceGroups.java, 210, b16ab7c7615dbf555ee60f5bac09821d1886e136, 5358a9d6a1190f72fb22fbd753e820aa10066ed2
facebook.presto, presto-raptor/src/test/java/com/facebook/presto/raptor/metadata/TestShardCleaner.java, 210, e4d57393934db18a4b8161de6a27edc57d51e4ce, 09fe07a21a12867897a51c0dfd378aeee4c665c7
facebook.presto, presto-main/src/main/java/com/facebook/presto/event/query/QueryMonitor.java, 156, 83a71882f9aaea06c482d5efb4fbaa5c3c39b079, eb69cdc8c81763d8f6aaba3d6aa1cdadd1b77fe7
facebook.presto, presto-main/src/main/java/com/facebook/presto/memory/LocalMemoryManager.java, 52, 4f6aa5813bb02b22ec197af3f4b9cb3bb24964c7, 54aa42128eb0137b808a8cf97ac806a4ec8fe479
facebook.presto, presto-parser/src/main/java/com/facebook/presto/sql/tree/Unnest.java, 83, fbc26e589318e29e5971fe526c114cb66e2fea5f, f4b969328cb5d47fc00f856c123363bc061afe33
facebook.presto, presto-parser/src/test/java/com/facebook/presto/sql/parser/TestSqlParser.java, 1747, fbc26e589318e29e5971fe526c114cb66e2fea5f, f4b969328cb5d47fc00f856c123363bc061afe33
facebook.presto, presto-spi/src/main/java/com/facebook/presto/spi/block/ArrayBlock.java, 34, d79d8da2ff4ed76577133e5d0da796d9e2642e40, 1bd2e8f66a021e780d418d225dd1617cb13c3cba
facebook.presto, presto-spi/src/main/java/com/facebook/presto/spi/block/MapBlock.java, 44, d79d8da2ff4ed76577133e5d0da796d9e2642e40, 1bd2e8f66a021e780d418d225dd1617cb13c3cba
facebook.presto, presto-main/src/main/java/com/facebook/presto/sql/planner/iterative/rule/MergeLimitWithDistinct.java, 48, 1568a560348de41adffd9b4a181bcf64b4f01073, e9c67a7b808b9feadaef6e6bd60eeb968ae8fcda
facebook.presto, presto-spi/src/main/java/com/facebook/presto/spi/block/SliceArrayBlock.java, 228, 5266fb18f1b3915144b72d8ba25d49004fa18cb0, ec3ddb7d224fd005944951a12888278366bee687
facebook.presto, presto-product-tests/src/main/java/com/facebook/presto/tests/sqlserver/Select.java, 159, 8bf441ad65512c05162d67de34c709ecd936dc16, 7136430395a825999f98ac5264394b8e875c88ab
facebook.presto, presto-spi/src/main/java/com/facebook/presto/spi/block/SingleMapBlock.java, 33, e7a5ab4073d673afe757f2cb55af27c95b99aa54, c6df1f20262e9258db3d01d38f3ea00db4252dde
facebook.presto, presto-benchmark-driver/src/main/java/com/facebook/presto/benchmark/driver/BenchmarkDriverOptions.java, 113, 10c93df27435ffbc037cde5e6063c9dbc6c0eb3f, c7a5a207a917985a39726fcbc21d8cd5b79e10d8
facebook.presto, presto-benchmark-driver/src/main/java/com/facebook/presto/benchmark/driver/BenchmarkDriverOptions.java, 113, 10c93df27435ffbc037cde5e6063c9dbc6c0eb3f, c7a5a207a917985a39726fcbc21d8cd5b79e10d8
facebook.presto, presto-cli/src/main/java/com/facebook/presto/cli/ClientOptions.java, 174, 10c93df27435ffbc037cde5e6063c9dbc6c0eb3f, c7a5a207a917985a39726fcbc21d8cd5b79e10d8
facebook.presto, presto-cli/src/main/java/com/facebook/presto/cli/ClientOptions.java, 174, 10c93df27435ffbc037cde5e6063c9dbc6c0eb3f, c7a5a207a917985a39726fcbc21d8cd5b79e10d8
facebook.presto, presto-hive/src/main/java/com/facebook/presto/hive/StaticHiveCluster.java, 74, 10c93df27435ffbc037cde5e6063c9dbc6c0eb3f, c7a5a207a917985a39726fcbc21d8cd5b79e10d8
facebook.presto, presto-hive/src/main/java/com/facebook/presto/hive/StaticHiveCluster.java, 74, 10c93df27435ffbc037cde5e6063c9dbc6c0eb3f, c7a5a207a917985a39726fcbc21d8cd5b79e10d8
facebook.presto, presto-hive/src/main/java/com/facebook/presto/hive/thrift/Transport.java, 85, 10c93df27435ffbc037cde5e6063c9dbc6c0eb3f, c7a5a207a917985a39726fcbc21d8cd5b79e10d8
facebook.presto, presto-hive/src/main/java/com/facebook/presto/hive/thrift/Transport.java, 85, 10c93df27435ffbc037cde5e6063c9dbc6c0eb3f, c7a5a207a917985a39726fcbc21d8cd5b79e10d8
facebook.presto, presto-jdbc/src/main/java/com/facebook/presto/jdbc/PrestoDriverUri.java, 129, 10c93df27435ffbc037cde5e6063c9dbc6c0eb3f, c7a5a207a917985a39726fcbc21d8cd5b79e10d8
facebook.presto, presto-jdbc/src/main/java/com/facebook/presto/jdbc/PrestoDriverUri.java, 129, 10c93df27435ffbc037cde5e6063c9dbc6c0eb3f, c7a5a207a917985a39726fcbc21d8cd5b79e10d8
facebook.presto, presto-main/src/main/java/com/facebook/presto/sql/analyzer/StatementAnalyzer.java, 966, af18c0227b3fe793f2c9072ec593ff32693f821c, 2f12402577207fdce0197ee8af966b01ff23fa0e
facebook.presto, presto-main/src/main/java/com/facebook/presto/sql/planner/iterative/rule/PushProjectionThroughExchange.java, 141, 3079a06d9695ca88467c96c40c5608afef87fa5d, 8ca45ca10539b9163f86769f61c215dacb780fc8
facebook.presto, presto-main/src/main/java/com/facebook/presto/sql/planner/iterative/rule/PushProjectionThroughExchange.java, 141, 3079a06d9695ca88467c96c40c5608afef87fa5d, 8ca45ca10539b9163f86769f61c215dacb780fc8
facebook.presto, presto-main/src/main/java/com/facebook/presto/failureDetector/HeartbeatFailureDetector.java, 169, 720619e271e68d5848185c2a7e45175b18e98f90, f1b346522f53ff82ca88cc7c16e22d8f0c3da89a
facebook.presto, presto-main/src/test/java/com/facebook/presto/operator/TestAggregationOperator.java, 110, 2fb0eb51ffad15d396955ab06d0bb30fb0b186bb, cd3ff6d59d36efc75985f463ba58c586c31a87cd
facebook.presto, presto-main/src/test/java/com/facebook/presto/operator/TestHashJoinOperator.java, 172, 5d12b156e1150162ba3def263b2da14793304b4e, 89003e6b52a561b4e2cc0e4682d8fa7e4cc61cd7
facebook.presto, presto-main/src/test/java/com/facebook/presto/operator/TestHashJoinOperator.java, 172, 5d12b156e1150162ba3def263b2da14793304b4e, 89003e6b52a561b4e2cc0e4682d8fa7e4cc61cd7
facebook.presto, presto-main/src/test/java/com/facebook/presto/operator/TestHashJoinOperator.java, 591, 5d12b156e1150162ba3def263b2da14793304b4e, 89003e6b52a561b4e2cc0e4682d8fa7e4cc61cd7
facebook.presto, presto-main/src/test/java/com/facebook/presto/operator/TestHashJoinOperator.java, 591, 5d12b156e1150162ba3def263b2da14793304b4e, 89003e6b52a561b4e2cc0e4682d8fa7e4cc61cd7
facebook.presto, presto-main/src/test/java/com/facebook/presto/operator/TestHashJoinOperator.java, 640, 5d12b156e1150162ba3def263b2da14793304b4e, 89003e6b52a561b4e2cc0e4682d8fa7e4cc61cd7
facebook.presto, presto-main/src/test/java/com/facebook/presto/operator/TestHashJoinOperator.java, 640, 5d12b156e1150162ba3def263b2da14793304b4e, 89003e6b52a561b4e2cc0e4682d8fa7e4cc61cd7
facebook.presto, presto-hive/src/main/java/com/facebook/presto/hive/HiveErrorCode.java, 29, 8e9c4a899c3532b3a6866525a5977129f4af78ea, 5ccf1a05925c84a1534e3e2afbee98d1838eb261
facebook.presto, presto-hive/src/main/java/com/facebook/presto/hive/HiveErrorCode.java, 33, 8e9c4a899c3532b3a6866525a5977129f4af78ea, 5ccf1a05925c84a1534e3e2afbee98d1838eb261
facebook.presto, presto-main/src/main/java/com/facebook/presto/execution/SqlTaskExecution.java, 307, 26604fde31e9f4586c18209285b7b5c3bc80d51e, a7963ee419fc023b2cffcdff2a26b5e7068a9cb2
facebook.presto, presto-main/src/main/java/com/facebook/presto/execution/SqlTaskExecution.java, 338, 26604fde31e9f4586c18209285b7b5c3bc80d51e, a7963ee419fc023b2cffcdff2a26b5e7068a9cb2
facebook.presto, presto-main/src/main/java/com/facebook/presto/execution/SqlTaskExecution.java, 343, 26604fde31e9f4586c18209285b7b5c3bc80d51e, a7963ee419fc023b2cffcdff2a26b5e7068a9cb2
facebook.presto, presto-main/src/main/java/com/facebook/presto/execution/SqlTaskExecution.java, 422, 26604fde31e9f4586c18209285b7b5c3bc80d51e, a7963ee419fc023b2cffcdff2a26b5e7068a9cb2
facebook.presto, presto-main/src/test/java/com/facebook/presto/spiller/TestBinaryFileSpiller.java, 65, d37d345f6b168a610f2dfc2879dc00bce089f72b, 00553b349552e3c802f8f51d60ee773a81f4e4a6
facebook.presto, presto-main/src/test/java/com/facebook/presto/spiller/TestBinaryFileSpiller.java, 65, d37d345f6b168a610f2dfc2879dc00bce089f72b, 00553b349552e3c802f8f51d60ee773a81f4e4a6
facebook.presto, presto-parser/src/main/java/com/facebook/presto/sql/tree/DereferenceExpression.java, 59, 3863ad4a1e168bda4cf0d2dd77a06a1d192d5f16, 8276731ca30f609690fc069691d6ec09831eedd2
facebook.presto, presto-atop/src/main/java/com/facebook/presto/atop/AtopSplitManager.java, 65, ed8a124eb3289a3a37e6f0eae7e8bcdb7c4771e8, 7c18ac98dcf3948456bd1691459083122495bdc7
facebook.presto, presto-atop/src/main/java/com/facebook/presto/atop/AtopSplitManager.java, 65, ed8a124eb3289a3a37e6f0eae7e8bcdb7c4771e8, 7c18ac98dcf3948456bd1691459083122495bdc7
facebook.presto, presto-hive/src/test/java/com/facebook/presto/hive/AbstractTestHiveClientS3.java, 454, 4b24d638acb9815062c1f001bfd2655d5d79e4fd, e021095a9d95587c99172531ae082806cab48c48
facebook.presto, presto-main/src/main/java/com/facebook/presto/SystemSessionProperties.java, 258, df0b1fd128601b25ac352a8e83a4bc35ea992890, 1127e1dcad20d20287fa399e13f5c942fb56c113
facebook.presto, presto-hive/src/main/java/com/facebook/presto/hive/HiveMetadata.java, 272, 2ba203f659a7690bedf91a48e8d33e77a829a63f, b0731df6f0598d704ac8cd06a8bc8af41399bdf2
facebook.presto, presto-spi/src/main/java/com/facebook/presto/spi/type/AbstractType.java, 93, 8642e3d582552d28c68715644f92af66d16038c9, 27e0191c930194810dd578568c83de756da5a04c
facebook.presto, presto-spi/src/main/java/com/facebook/presto/spi/type/AbstractType.java, 99, 8642e3d582552d28c68715644f92af66d16038c9, 27e0191c930194810dd578568c83de756da5a04c
facebook.presto, presto-spi/src/main/java/com/facebook/presto/spi/type/AbstractType.java, 105, 8642e3d582552d28c68715644f92af66d16038c9, 27e0191c930194810dd578568c83de756da5a04c
facebook.presto, presto-spi/src/main/java/com/facebook/presto/spi/type/AbstractType.java, 111, 8642e3d582552d28c68715644f92af66d16038c9, 27e0191c930194810dd578568c83de756da5a04c
facebook.presto, presto-spi/src/main/java/com/facebook/presto/spi/type/AbstractType.java, 117, 8642e3d582552d28c68715644f92af66d16038c9, 27e0191c930194810dd578568c83de756da5a04c
facebook.presto, presto-spi/src/main/java/com/facebook/presto/spi/type/AbstractType.java, 123, 8642e3d582552d28c68715644f92af66d16038c9, 27e0191c930194810dd578568c83de756da5a04c
facebook.presto, presto-spi/src/main/java/com/facebook/presto/spi/type/AbstractType.java, 129, 8642e3d582552d28c68715644f92af66d16038c9, 27e0191c930194810dd578568c83de756da5a04c
facebook.presto, presto-spi/src/main/java/com/facebook/presto/spi/type/AbstractType.java, 135, 8642e3d582552d28c68715644f92af66d16038c9, 27e0191c930194810dd578568c83de756da5a04c
facebook.presto, presto-spi/src/main/java/com/facebook/presto/spi/type/AbstractType.java, 141, 8642e3d582552d28c68715644f92af66d16038c9, 27e0191c930194810dd578568c83de756da5a04c
facebook.presto, presto-spi/src/main/java/com/facebook/presto/spi/type/AbstractType.java, 147, 8642e3d582552d28c68715644f92af66d16038c9, 27e0191c930194810dd578568c83de756da5a04c
facebook.presto, presto-spi/src/main/java/com/facebook/presto/spi/type/AbstractType.java, 153, 8642e3d582552d28c68715644f92af66d16038c9, 27e0191c930194810dd578568c83de756da5a04c
facebook.presto, presto-parser/src/main/java/com/facebook/presto/sql/tree/Cast.java, 67, 4e51ec2ef2692466be178bc8f49c4bf2692cb984, e9d55c4aa32ff93ee7b8b21299ca8bb47454e081
facebook.presto, presto-parser/src/main/java/com/facebook/presto/sql/tree/Cast.java, 67, 4e51ec2ef2692466be178bc8f49c4bf2692cb984, e9d55c4aa32ff93ee7b8b21299ca8bb47454e081
facebook.presto, presto-main/src/test/java/com/facebook/presto/execution/MockRemoteTaskFactory.java, 353, 890fa79f6486f5dbffd3c4270a42b7deceeaa765, fd0f4cc8d4fed7ff9c0c46181c9f2cd6a5f83e71
facebook.presto, presto-rcfile/src/main/java/com/facebook/presto/rcfile/RcFileReader.java, 133, 4a1fe28154e697fe94e5d611cf0586032bc95d63, c152f16535ef851c14751285080c3125d5827b2f
facebook.presto, presto-main/src/main/java/com/facebook/presto/server/remotetask/ContinuousTaskStatusFetcher.java, 211, 72d65cdc4485c788e13647cf2fbca9ff867fd731, e5dbe7ca1cb519f50a7b13fc1a775e5ba966ab89
facebook.presto, presto-orc/src/test/java/com/facebook/presto/orc/TestOrcBloomFilters.java, 273, 3a2d464b16b475983e5f13e28380d22d90a80ec0, e669bd53334b69771364299ebad8f6bc6d05a829
facebook.presto, presto-orc/src/test/java/com/facebook/presto/orc/TestOrcBloomFilters.java, 273, 3a2d464b16b475983e5f13e28380d22d90a80ec0, e669bd53334b69771364299ebad8f6bc6d05a829
facebook.presto, presto-hive/src/main/java/com/facebook/presto/hive/util/HiveFileIterator.java, 100, bb65a918bef30c50a093e57cdd6ca8c332615ea4, 2160a9ba79a31cc3a8843a84f1864631b4d93f87
facebook.presto, presto-main/src/main/java/com/facebook/presto/server/remotetask/HttpRemoteTask.java, 592, c9f41fa744d6520f5f44be1a8a16e6a32a8fa83d, 2633a77dc9dce687919caf28be968ae5358f492f
facebook.presto, presto-raptor/src/test/java/com/facebook/presto/raptor/metadata/TestDatabaseShardManager.java, 274, 1dd94a41119b58bb9a341b6897b0916add1fd344, 5082f4509bcb1cb42583bdaf7a8c62673f7aba77
facebook.presto, presto-main/src/main/java/com/facebook/presto/sql/planner/optimizations/AddLocalExchanges.java, 427, 6c44dfbaf789d4ebc47f3e5615399a8849347e68, edf7bad146079ed1f330bff880227a1f841d32f0
facebook.presto, presto-hive/src/main/java/com/facebook/presto/hive/HiveClientConfig.java, 78, 2a8f12e49c15a3a369ce9fa67f5b1953c9f23578, 35cbc93c6d27b31b8430181e35f4b0ca665e2cd0
facebook.presto, presto-hive/src/test/java/com/facebook/presto/hive/TestHiveClientConfig.java, 61, 2a8f12e49c15a3a369ce9fa67f5b1953c9f23578, 35cbc93c6d27b31b8430181e35f4b0ca665e2cd0
facebook.presto, presto-main/src/main/java/com/facebook/presto/operator/RowNumberOperator.java, 278, 4e43e3b74a2ce09a26e9795a9739d388b1fb787b, a2eea25602b7e73dd496a70ca0c30fb44e07c098
facebook.presto, presto-main/src/main/java/com/facebook/presto/operator/TopNRowNumberOperator.java, 318, 4e43e3b74a2ce09a26e9795a9739d388b1fb787b, a2eea25602b7e73dd496a70ca0c30fb44e07c098
facebook.presto, presto-main/src/main/java/com/facebook/presto/util/GraphvizPrinter.java, 94, 41ab70ec4939adaf9fcbd090b680d1e22871bef7, 4ad0a7f781a83682278e96b9c9ee91259e475bbd
facebook.presto, presto-main/src/main/java/com/facebook/presto/sql/planner/optimizations/AddExchanges.java, 306, f0c192a7d7be220c020af4c940ddb367b6b0c5ae, 932b0c769c1666ed42846276f040df414b155958
facebook.presto, presto-main/src/main/java/com/facebook/presto/sql/planner/optimizations/AddExchanges.java, 306, f0c192a7d7be220c020af4c940ddb367b6b0c5ae, 932b0c769c1666ed42846276f040df414b155958
facebook.presto, presto-hive/src/test/java/com/facebook/presto/hive/metastore/InMemoryHiveMetastore.java, 173, b4cef872f8429ea78bc13f1ac2b3fa5eb3723d3a, 032216497c565f881bd24a2b31d0cf04d3b9fa0a
facebook.presto, presto-main/src/main/java/com/facebook/presto/operator/aggregation/ArrayAggregationFunction.java, 116, 43c0a9b32431052285f0a511982fc00d99af3e03, 2f0293966be736c7bdf9177b7b49058ef040a6c1
facebook.presto, presto-main/src/main/java/com/facebook/presto/memory/ClusterMemoryManager.java, 218, a7ce2738959a8efc7ace2e5e467ea09a1e4b7755, 674150787e0af5ff83797782ea97736a73d2cc86
facebook.presto, presto-main/src/main/java/com/facebook/presto/memory/ClusterMemoryManager.java, 225, a7ce2738959a8efc7ace2e5e467ea09a1e4b7755, 674150787e0af5ff83797782ea97736a73d2cc86
facebook.presto, presto-main/src/main/java/com/facebook/presto/sql/planner/QueryPlanner.java, 391, 3847d03a4ac7e7f4e52bca451ddb5089a7402072, 45484b163f343d8cf4b191efe35851e92ffe41ab
facebook.presto, presto-main/src/main/java/com/facebook/presto/sql/planner/QueryPlanner.java, 391, 3847d03a4ac7e7f4e52bca451ddb5089a7402072, 45484b163f343d8cf4b191efe35851e92ffe41ab
facebook.presto, presto-main/src/main/java/com/facebook/presto/sql/planner/QueryPlanner.java, 570, 3847d03a4ac7e7f4e52bca451ddb5089a7402072, 45484b163f343d8cf4b191efe35851e92ffe41ab
facebook.presto, presto-main/src/main/java/com/facebook/presto/sql/planner/QueryPlanner.java, 570, 3847d03a4ac7e7f4e52bca451ddb5089a7402072, 45484b163f343d8cf4b191efe35851e92ffe41ab
facebook.presto, presto-main/src/main/java/com/facebook/presto/sql/planner/QueryPlanner.java, 391, d725e4c654270636bc7de92cc6d74683b1de29fe, 2289bf56b2278c6145badc6cf53e4a919a79c661
facebook.presto, presto-main/src/main/java/com/facebook/presto/sql/planner/QueryPlanner.java, 391, d725e4c654270636bc7de92cc6d74683b1de29fe, 2289bf56b2278c6145badc6cf53e4a919a79c661
facebook.presto, presto-main/src/main/java/com/facebook/presto/sql/planner/QueryPlanner.java, 570, d725e4c654270636bc7de92cc6d74683b1de29fe, 2289bf56b2278c6145badc6cf53e4a919a79c661
facebook.presto, presto-main/src/main/java/com/facebook/presto/sql/planner/QueryPlanner.java, 570, d725e4c654270636bc7de92cc6d74683b1de29fe, 2289bf56b2278c6145badc6cf53e4a919a79c661
facebook.presto, presto-main/src/main/java/com/facebook/presto/sql/planner/QueryPlanner.java, 624, d725e4c654270636bc7de92cc6d74683b1de29fe, 2289bf56b2278c6145badc6cf53e4a919a79c661
facebook.presto, presto-main/src/main/java/com/facebook/presto/sql/planner/QueryPlanner.java, 624, d725e4c654270636bc7de92cc6d74683b1de29fe, 2289bf56b2278c6145badc6cf53e4a919a79c661
facebook.presto, presto-main/src/main/java/com/facebook/presto/execution/TaskManagerConfig.java, 225, 2550e5ecb1c46c686be452f0e541628f8b4102b2, 3b997675e7d29feb02bedb40d9c4b248a170ad9e
facebook.presto, presto-main/src/test/java/com/facebook/presto/execution/TestTaskManagerConfig.java, 100, 2550e5ecb1c46c686be452f0e541628f8b4102b2, 3b997675e7d29feb02bedb40d9c4b248a170ad9e
facebook.presto, presto-main/src/main/java/com/facebook/presto/server/CoordinatorModule.java, 165, fd2bf7d972c703a603f7ec043b96649347f7e184, a20abd12dbb360d5269e63185b1056ae3b5909a7
facebook.presto, presto-main/src/main/java/com/facebook/presto/server/ServerMainModule.java, 202, fd2bf7d972c703a603f7ec043b96649347f7e184, a20abd12dbb360d5269e63185b1056ae3b5909a7
facebook.presto, presto-main/src/main/java/com/facebook/presto/server/ServerMainModule.java, 222, fd2bf7d972c703a603f7ec043b96649347f7e184, a20abd12dbb360d5269e63185b1056ae3b5909a7
facebook.presto, presto-main/src/main/java/com/facebook/presto/server/ServerMainModule.java, 232, fd2bf7d972c703a603f7ec043b96649347f7e184, a20abd12dbb360d5269e63185b1056ae3b5909a7
facebook.presto, presto-main/src/main/java/com/facebook/presto/server/ServerMainModule.java, 319, fd2bf7d972c703a603f7ec043b96649347f7e184, a20abd12dbb360d5269e63185b1056ae3b5909a7
facebook.presto, presto-raptor/src/test/java/com/facebook/presto/raptor/metadata/TestRaptorMetadata.java, 687, 80ca2800f5bb9e41e5aefa7766d91e6695a89020, 700ca10f6a4ae86fd3886db6312130901598f202
facebook.presto, presto-main/src/main/java/com/facebook/presto/execution/QueryStateMachine.java, 510, 1b93a2f8d9a40a28615c3acc0c6415d678e26466, 040461ab16448b320d9193e7f88389e636c68caa
facebook.presto, presto-main/src/main/java/com/facebook/presto/execution/QueryStateMachine.java, 510, 1b93a2f8d9a40a28615c3acc0c6415d678e26466, 040461ab16448b320d9193e7f88389e636c68caa
facebook.presto, presto-main/src/main/java/com/facebook/presto/sql/planner/optimizations/HashGenerationOptimizer.java, 620, adfcb4891e9193c5e0c92f60a7de75d4ca3f6a9d, 293bad52c98d0a39df17ffce01837ca0bd3f7eda
facebook.presto, presto-main/src/main/java/com/facebook/presto/sql/planner/optimizations/HashGenerationOptimizer.java, 620, adfcb4891e9193c5e0c92f60a7de75d4ca3f6a9d, 293bad52c98d0a39df17ffce01837ca0bd3f7eda
facebook.presto, presto-hive/src/main/java/com/facebook/presto/hive/HiveSessionProperties.java, 62, bfffe6afb376df07702965da9106062f5fa47e22, be13ae3f79efb90e3d1832b21984edf45a73f3df
facebook.presto, presto-hive/src/main/java/com/facebook/presto/hive/HiveSessionProperties.java, 62, bfffe6afb376df07702965da9106062f5fa47e22, be13ae3f79efb90e3d1832b21984edf45a73f3df
facebook.presto, presto-main/src/main/java/com/facebook/presto/operator/HttpPageBufferClient.java, 278, cadd7cc57026a1f9991d2d90270a7aacbd0a7aa2, 7ae9267c59ce022c0b19effb4a941d91bcf79444
facebook.presto, presto-main/src/main/java/com/facebook/presto/operator/HttpPageBufferClient.java, 280, cadd7cc57026a1f9991d2d90270a7aacbd0a7aa2, 7ae9267c59ce022c0b19effb4a941d91bcf79444
facebook.presto, presto-main/src/main/java/com/facebook/presto/operator/HttpPageBufferClient.java, 362, cadd7cc57026a1f9991d2d90270a7aacbd0a7aa2, 7ae9267c59ce022c0b19effb4a941d91bcf79444
facebook.presto, presto-main/src/main/java/com/facebook/presto/type/DateOperators.java, 139, 90aa627ec53873e359cba24a9af6d2163e2b7272, 17b903e83bb04c2e12e5af4a7cd85fc79c82e89b
facebook.presto, presto-main/src/main/java/com/facebook/presto/type/TimeOperators.java, 128, 90aa627ec53873e359cba24a9af6d2163e2b7272, 17b903e83bb04c2e12e5af4a7cd85fc79c82e89b
facebook.presto, presto-main/src/main/java/com/facebook/presto/type/TimestampOperators.java, 150, 90aa627ec53873e359cba24a9af6d2163e2b7272, 17b903e83bb04c2e12e5af4a7cd85fc79c82e89b
facebook.presto, presto-main/src/main/java/com/facebook/presto/type/TimestampWithTimeZoneOperators.java, 155, 90aa627ec53873e359cba24a9af6d2163e2b7272, 17b903e83bb04c2e12e5af4a7cd85fc79c82e89b
facebook.presto, presto-cli/src/main/java/com/facebook/presto/cli/Query.java, 122, a81fe777b33677a4b674603c7de3da3eeaa87958, 4cb330e7589f2eaa71a9f48eaadb25bed346ac6f
facebook.presto, presto-main/src/test/java/com/facebook/presto/type/TestArrayOperators.java, 461, b3f9135548ce836c0480bbf1dfe3b358904c1b86, 88d3aa6ed02f6775e88e1e2376517f6c6aa49289
facebook.presto, presto-example-http/src/test/java/com/facebook/presto/example/MetadataUtil.java, 58, d62f19025d2fff976734685e5a7e9dd73ce126f3, edbd265d0ea94de27fd9c78cde30c12fa348ec4d
facebook.presto, presto-hive/src/main/java/com/facebook/presto/hive/parquet/ParquetHiveRecordCursor.java, 720, 8f31fbec3ce6e811d9547b27c4b603e4e7f87e12, 8516a378c6cd2385e8218a627413146f6b5cd723
facebook.presto, presto-main/src/test/java/com/facebook/presto/block/BlockAssertions.java, 147, 6ee0105ac80d34691c4a073e87397ed0fc6b68c4, e91b8db8a93ddccf5ddaeba557aed1a5869e5ce5
facebook.presto, presto-main/src/test/java/com/facebook/presto/block/BlockAssertions.java, 147, 6ee0105ac80d34691c4a073e87397ed0fc6b68c4, e91b8db8a93ddccf5ddaeba557aed1a5869e5ce5
facebook.presto, presto-main/src/test/java/com/facebook/presto/block/BlockAssertions.java, 257, 6ee0105ac80d34691c4a073e87397ed0fc6b68c4, e91b8db8a93ddccf5ddaeba557aed1a5869e5ce5
facebook.presto, presto-main/src/test/java/com/facebook/presto/block/BlockAssertions.java, 257, 6ee0105ac80d34691c4a073e87397ed0fc6b68c4, e91b8db8a93ddccf5ddaeba557aed1a5869e5ce5
facebook.presto, presto-main/src/main/java/com/facebook/presto/sql/analyzer/ExpressionAnalyzer.java, 872, 2f892430d9908b1676a2f7138f38c62547744f18, 4878e35fe056ca42b3a52f08273c7d1878440518
facebook.presto, presto-main/src/main/java/com/facebook/presto/execution/StartTransactionTask.java, 113, 2c63407961c497147a4e4481a4c372c1e1323c95, 84f14af3e0673b0cb78fe4a12741f94f9c851726
facebook.presto, presto-main/src/main/java/com/facebook/presto/sql/analyzer/StatementAnalyzer.java, 1635, 6b754d327bdb7a778c37543e6ddeb830df851402, d7a44052b65132cc00368cdd7c231588adab714c
facebook.presto, presto-main/src/main/java/com/facebook/presto/sql/analyzer/StatementAnalyzer.java, 1635, 6b754d327bdb7a778c37543e6ddeb830df851402, d7a44052b65132cc00368cdd7c231588adab714c
facebook.presto, presto-main/src/test/java/com/facebook/presto/sql/analyzer/TestFeaturesConfig.java, 31, bdc0df3522e75295355c176ffb0462906d7aea79, 91bea81ae5bbc6697422a953646ad6220d7a679b
facebook.presto, presto-main/src/test/java/com/facebook/presto/sql/analyzer/TestFeaturesConfig.java, 75, bdc0df3522e75295355c176ffb0462906d7aea79, 91bea81ae5bbc6697422a953646ad6220d7a679b
facebook.presto, presto-blackhole/src/main/java/com/facebook/presto/plugin/blackhole/BlackHoleMetadata.java, 220, 79b853834efa62f7b9e3ea25da97c9035b4583b4, ed147630dc3a34352e6b2b1819c9077d856be2ad
facebook.presto, presto-main/src/test/java/com/facebook/presto/execution/TestNodeScheduler.java, 296, 08c13211146864ab9cbc8a79fef118eb3aa3e0e4, 16332b5820ed504164ec2095190839e3e95fce2d
facebook.presto, presto-main/src/test/java/com/facebook/presto/execution/TestNodeScheduler.java, 318, 08c13211146864ab9cbc8a79fef118eb3aa3e0e4, 16332b5820ed504164ec2095190839e3e95fce2d
facebook.presto, presto-raptor/src/main/java/com/facebook/presto/raptor/storage/FileStorageService.java, 122, e97382e401f58108ad645dee2076ddd110a3e7e9, b9a6bdc84fd9fdc843aa859216eee052f24f21ff
facebook.presto, presto-raptor/src/main/java/com/facebook/presto/raptor/storage/FileStorageService.java, 122, e97382e401f58108ad645dee2076ddd110a3e7e9, b9a6bdc84fd9fdc843aa859216eee052f24f21ff
facebook.presto, presto-raptor/src/main/java/com/facebook/presto/raptor/storage/FileStorageService.java, 124, e97382e401f58108ad645dee2076ddd110a3e7e9, b9a6bdc84fd9fdc843aa859216eee052f24f21ff
facebook.presto, presto-raptor/src/main/java/com/facebook/presto/raptor/storage/FileStorageService.java, 124, e97382e401f58108ad645dee2076ddd110a3e7e9, b9a6bdc84fd9fdc843aa859216eee052f24f21ff
facebook.presto, presto-example-http/src/main/java/com/facebook/presto/example/ExampleSplit.java, 35, 27301617876b102c50f758608843f9ccf9456a1b, 76468809428da1af433cc14871b874482c5be9bd
facebook.presto, presto-main/src/main/java/com/facebook/presto/execution/SqlStageExecution.java, 361, 34885ed03b47910ebad992504c0f1f6bc699b52f, 1e88bfe8e77e38ceb3e91aa4e1d6dccd12cac226
facebook.presto, presto-main/src/main/java/com/facebook/presto/execution/SqlStageExecution.java, 361, 34885ed03b47910ebad992504c0f1f6bc699b52f, 1e88bfe8e77e38ceb3e91aa4e1d6dccd12cac226
facebook.presto, presto-hive/src/test/java/com/facebook/presto/hive/AbstractTestHiveClient.java, 406, 06f15a11212c6c77482e92b901a006212231d808, 46a6a185d370b3c90f07375b2f6cad74e424e878
facebook.presto, presto-hive/src/test/java/com/facebook/presto/hive/AbstractTestHiveClient.java, 411, 06f15a11212c6c77482e92b901a006212231d808, 46a6a185d370b3c90f07375b2f6cad74e424e878
facebook.presto, presto-main/src/main/java/com/facebook/presto/testing/TestingConnectorSession.java, 115, 7872d25f6c018cb6ce44c4a144b1bbe090f05b57, a38d2bacea3d028baff91c919c530b2be3743a6b
facebook.presto, presto-raptor/src/main/java/com/facebook/presto/raptor/storage/ShardCompactionManager.java, 173, e2a687bb3f483f747cf21fb167f357021feb2143, ea91047b6f0ab7b3cd21cacaf1480fa348cffcad
facebook.presto, presto-main/src/main/java/com/facebook/presto/sql/gen/JoinCompiler.java, 166, ea98386dfd18da047c877a2320cfdcf15df2ea06, c3c3be4bfe9378b710ab2880ff62cc4e601b4096
facebook.presto, presto-main/src/main/java/com/facebook/presto/sql/gen/JoinCompiler.java, 241, ea98386dfd18da047c877a2320cfdcf15df2ea06, c3c3be4bfe9378b710ab2880ff62cc4e601b4096
facebook.presto, presto-main/src/main/java/com/facebook/presto/sql/gen/JoinCompiler.java, 252, ea98386dfd18da047c877a2320cfdcf15df2ea06, c3c3be4bfe9378b710ab2880ff62cc4e601b4096
facebook.presto, presto-main/src/main/java/com/facebook/presto/sql/gen/JoinCompiler.java, 262, ea98386dfd18da047c877a2320cfdcf15df2ea06, c3c3be4bfe9378b710ab2880ff62cc4e601b4096
facebook.presto, presto-main/src/main/java/com/facebook/presto/sql/gen/JoinCompiler.java, 297, ea98386dfd18da047c877a2320cfdcf15df2ea06, c3c3be4bfe9378b710ab2880ff62cc4e601b4096
facebook.presto, presto-main/src/main/java/com/facebook/presto/sql/gen/JoinCompiler.java, 356, ea98386dfd18da047c877a2320cfdcf15df2ea06, c3c3be4bfe9378b710ab2880ff62cc4e601b4096
facebook.presto, presto-main/src/main/java/com/facebook/presto/sql/gen/JoinCompiler.java, 395, ea98386dfd18da047c877a2320cfdcf15df2ea06, c3c3be4bfe9378b710ab2880ff62cc4e601b4096
facebook.presto, presto-main/src/main/java/com/facebook/presto/sql/gen/JoinCompiler.java, 442, ea98386dfd18da047c877a2320cfdcf15df2ea06, c3c3be4bfe9378b710ab2880ff62cc4e601b4096
facebook.presto, presto-main/src/main/java/com/facebook/presto/sql/gen/JoinCompiler.java, 489, ea98386dfd18da047c877a2320cfdcf15df2ea06, c3c3be4bfe9378b710ab2880ff62cc4e601b4096
facebook.presto, presto-spi/src/main/java/com/facebook/presto/spi/SerializableNativeValue.java, 87, c4c48e72c78065000c55e71bf3df9190ddb8bc09, b84e08357a30a4097b8920d1b1a608612bad36f2
facebook.presto, presto-spi/src/main/java/com/facebook/presto/spi/SerializableNativeValue.java, 87, c4c48e72c78065000c55e71bf3df9190ddb8bc09, b84e08357a30a4097b8920d1b1a608612bad36f2
facebook.presto, presto-cassandra/src/main/java/com/facebook/presto/cassandra/CassandraRecordSetProvider.java, 37, 5f973272def613827e164c06e948ca8e7ae2bc34, 4b2b644646506124ae14cdea21e6a5b01bfe4726
facebook.presto, presto-tests/src/main/java/com/facebook/presto/tests/AbstractTestIntegrationSmokeTest.java, 169, c38ee7371ffee08671b886ff9eb74a4cb35b92e7, 99c60a7cc17231a19dea3ec0e593c8516f62812f
facebook.presto, presto-tests/src/main/java/com/facebook/presto/tests/AbstractTestIntegrationSmokeTest.java, 169, c38ee7371ffee08671b886ff9eb74a4cb35b92e7, 99c60a7cc17231a19dea3ec0e593c8516f62812f
facebook.presto, presto-main/src/main/java/com/facebook/presto/operator/OperatorContext.java, 253, ed13d3007bbe9cb7df8641d2e287bf94c314fb86, 1615e28de0e30094aca5d4263b378cc7d55451de
facebook.presto, presto-main/src/main/java/com/facebook/presto/operator/OperatorContext.java, 253, ed13d3007bbe9cb7df8641d2e287bf94c314fb86, 1615e28de0e30094aca5d4263b378cc7d55451de
facebook.presto, presto-main/src/main/java/com/facebook/presto/operator/OperatorContext.java, 266, ed13d3007bbe9cb7df8641d2e287bf94c314fb86, 1615e28de0e30094aca5d4263b378cc7d55451de
facebook.presto, presto-main/src/main/java/com/facebook/presto/operator/OperatorContext.java, 266, ed13d3007bbe9cb7df8641d2e287bf94c314fb86, 1615e28de0e30094aca5d4263b378cc7d55451de
facebook.presto, presto-spi/src/main/java/com/facebook/presto/spi/block/SliceArrayBlock.java, 134, 0673ae2adcc189937b5d30a361202d2e80ad9e0e, 45aec56daca2c57598c8cbb0c348798ab2353f95
facebook.presto, presto-hive/src/main/java/com/facebook/presto/hive/RetryDriver.java, 80, d5f8dbfc487cc66a50f7bfbbf03b4a0a8f9cdec3, f8a872de4699646bdd4629671637314b35c45fab
facebook.presto, presto-hive/src/main/java/com/facebook/presto/hive/RetryDriver.java, 92, d5f8dbfc487cc66a50f7bfbbf03b4a0a8f9cdec3, f8a872de4699646bdd4629671637314b35c45fab
facebook.presto, presto-main/src/main/java/com/facebook/presto/testing/LocalQueryRunner.java, 283, 1d558cc635e458d5a50e3548a1e810f3d6944864, 50da26094577b2535dbbfdc245fe568e3ad9574c
facebook.presto, presto-main/src/main/java/com/facebook/presto/testing/NullOutputOperator.java, 38, 1d558cc635e458d5a50e3548a1e810f3d6944864, 50da26094577b2535dbbfdc245fe568e3ad9574c
facebook.presto, presto-tests/src/test/java/com/facebook/presto/tests/TestClusterMemoryManager.java, 29, 618a5b9c8d211763f94a6be08b589b28fef48f49, 2c94cce46d15693daf5eb6ed88d4dc39660f0901
facebook.presto, presto-main/src/main/java/com/facebook/presto/byteCode/control/DoWhileLoop.java, 92, d128304bceaef2df9d8c527979010d56e6425bb4, d5429f646850e971650210f549373bdf91d60ede
facebook.presto, presto-main/src/main/java/com/facebook/presto/byteCode/control/WhileLoop.java, 91, d128304bceaef2df9d8c527979010d56e6425bb4, d5429f646850e971650210f549373bdf91d60ede
facebook.presto, presto-main/src/test/java/com/facebook/presto/execution/TestSqlStageExecution.java, 176, a204cc6e5f02a11438c0fc399f4c9a12f7888ea5, 1f1151c0853fb6bc70972c0f04a8a27d120638cf
facebook.presto, presto-main/src/main/java/com/facebook/presto/execution/SqlQueryQueueManager.java, 100, 9a3977843e9f24104a184fc8a3d2fd4c82c2f1e3, 845c66a1ba8cd04446c82c121af3af72253ecfaf
facebook.presto, presto-main/src/test/java/com/facebook/presto/operator/aggregation/AbstractTestApproximateCountDistinct.java, 167, e79b916f2f2953dac777c12e6d0cefeb006ebb04, 136f32f5685b1df4d41a315fabe4f4466c6da764
facebook.presto, presto-main/src/main/java/com/facebook/presto/execution/SqlStageExecution.java, 897, 486d1df6b22e089bfe2f62b7f487ad09fb4d5fc3, 8c24d882e69b50b29742953c424596716ef82fb5
facebook.presto, presto-main/src/main/java/com/facebook/presto/execution/SqlStageExecution.java, 897, 486d1df6b22e089bfe2f62b7f487ad09fb4d5fc3, 8c24d882e69b50b29742953c424596716ef82fb5
facebook.presto, presto-main/src/main/java/com/facebook/presto/operator/ScanFilterAndProjectOperator.java, 276, 8c24d882e69b50b29742953c424596716ef82fb5, ff1bada4e554dd66a5d3929212779773cbbc9879
facebook.presto, presto-main/src/main/java/com/facebook/presto/metadata/FunctionRegistry.java, 447, 195a49951bf09f5456115b958ce2e3997daaca4e, 0a20886133c0a4fb9189b48a9e1c6f0616b8891a
facebook.presto, presto-main/src/main/java/com/facebook/presto/util/ImmutableCollectors.java, 39, 44c1de70de3054dee1be6232b2718d6fea8856c7, 8f6210b91e6b63bc30b00458e6b829e2d4675556
facebook.presto, presto-main/src/main/java/com/facebook/presto/execution/TaskId.java, 89, d698605b1d34403744aa6156e2963e6b5be58de0, a4d2027cd638b809583c249041ab564673e387df
facebook.presto, presto-orc/src/main/java/com/facebook/presto/orc/json/JsonReaders.java, 93, 6666af6ab02f1200875ed2ef7364ef8b131eec15, cff50bf14a7667e7055211d15b6cc8c870b1e96e
facebook.presto, presto-client/src/main/java/com/facebook/presto/client/ClientSession.java, 84, 3cc42e2082ef0103890fca974d5f736a4e665074, 429b5f383caf21206171334f76ce53dc9cfca829
facebook.presto, presto-main/src/main/java/com/facebook/presto/type/HyperLogLogOperators.java, 22, c66b1f954e189f33a35f0d956d27c6b755daf722, 9bf5ee5950f5cc7ef755d88f1dcc804c2dd39cbd
facebook.presto, presto-hive/src/test/java/com/facebook/presto/hive/AbstractTestHiveClientS3.java, 253, 1b086ac0176dd15144c76c1d521de992a5db7e63, 5719960a6f9087b8ff65e9e589db0aa53f0a632f
facebook.presto, presto-hive/src/test/java/com/facebook/presto/hive/AbstractTestHiveClientS3.java, 256, 1b086ac0176dd15144c76c1d521de992a5db7e63, 5719960a6f9087b8ff65e9e589db0aa53f0a632f
facebook.presto, presto-main/src/main/java/com/facebook/presto/operator/aggregation/CountColumn.java, 107, d848003e42080f7f40fcc7cd5559df53155d3389, 2ec8d001e3a9515e978508b9452db5bfd84dea1e
facebook.presto, presto-main/src/main/java/com/facebook/presto/operator/aggregation/MaxBy.java, 109, d848003e42080f7f40fcc7cd5559df53155d3389, 2ec8d001e3a9515e978508b9452db5bfd84dea1e
facebook.presto, presto-main/src/main/java/com/facebook/presto/byteCode/ParameterizedType.java, 178, 1f71382322dbdca408184f5ec1d65bfc32e7b8f2, ff64c724e6d08f308d467a5e1849530d5ca074f0
facebook.presto, presto-main/src/main/java/com/facebook/presto/byteCode/ParameterizedType.java, 178, 1f71382322dbdca408184f5ec1d65bfc32e7b8f2, ff64c724e6d08f308d467a5e1849530d5ca074f0
facebook.presto, presto-main/src/main/java/com/facebook/presto/sql/gen/ByteCodeUtils.java, 47, 02f1f95e522fd142dc0805c37e91d12880ab5996, aa89f69519cbc34e0203faf377f557559174aceb
facebook.presto, presto-main/src/main/java/com/facebook/presto/sql/gen/ByteCodeUtils.java, 168, 02f1f95e522fd142dc0805c37e91d12880ab5996, aa89f69519cbc34e0203faf377f557559174aceb
facebook.presto, presto-main/src/main/java/com/facebook/presto/operator/aggregation/AggregationCompiler.java, 120, ea4d30ed70c3d5a395a3bf2f1206b2c2d82276d4, dc399d63600cbfce4122ea4b1d7522cfe377ce12
facebook.presto, presto-raptor/src/main/java/com/facebook/presto/raptor/metadata/DatabaseShardManager.java, 80, 9bea2e68b8283ea0421a8ec28f95600e0cab9ee9, 007db6aecaccef3b8d823c2d6b72625a39361b6e
facebook.presto, presto-raptor/src/main/java/com/facebook/presto/raptor/metadata/DatabaseShardManager.java, 80, 9bea2e68b8283ea0421a8ec28f95600e0cab9ee9, 007db6aecaccef3b8d823c2d6b72625a39361b6e
facebook.presto, presto-main/src/main/java/com/facebook/presto/testing/LocalQueryRunner.java, 210, 3dee919ac908141e8e7b1ef509bbe1103e489853, 9b391be022ba675ae9b6bf0ece6d587aa1c18930
facebook.presto, presto-cassandra/src/main/java/com/facebook/presto/cassandra/CassandraSplitManager.java, 53, 5d9a77585599cda001021e63c33aef08eba9d69c, f51b521d865ba2c78ababd57fc5f1df717751972
facebook.presto, presto-parser/src/main/java/com/facebook/presto/sql/tree/AstVisitor.java, 392, 3eb03ea8da9525d9615fcef99c0f3dcc3f1218c9, 38b20e6d9e1897e3ee869930f390d664f18c087b
facebook.presto, presto-parser/src/main/java/com/facebook/presto/sql/tree/AstVisitor.java, 392, 3eb03ea8da9525d9615fcef99c0f3dcc3f1218c9, 38b20e6d9e1897e3ee869930f390d664f18c087b
facebook.presto, presto-parser/src/main/java/com/facebook/presto/sql/tree/AstVisitor.java, 397, 3eb03ea8da9525d9615fcef99c0f3dcc3f1218c9, 38b20e6d9e1897e3ee869930f390d664f18c087b
facebook.presto, presto-parser/src/main/java/com/facebook/presto/sql/tree/AstVisitor.java, 397, 3eb03ea8da9525d9615fcef99c0f3dcc3f1218c9, 38b20e6d9e1897e3ee869930f390d664f18c087b
facebook.presto, presto-benchmark/src/main/java/com/facebook/presto/benchmark/BenchmarkSuite.java, 98, c24ce79fd0921743b7d4ca5ca6594f23640fdd37, 8711a2983f3cb122815af74885180cbd289e4efc
facebook.presto, presto-spi/src/main/java/com/facebook/presto/spi/type/TimeZoneKey.java, 234, fc613b66c484347d753bf7ccdf108c6ebf036983, 562e96beac669f2c93100c480fbedb0c8414f8e8
facebook.presto, presto-main/src/test/java/com/facebook/presto/AbstractTestQueries.java, 1816, 68ae53e4e14e5e7c69af1aafa9864e8c71df55d3, 13b0f2bfb53bb1b3407ee0161c89d80504ddfae4
facebook.presto, presto-main/src/main/java/com/facebook/presto/sql/planner/PlanOptimizersFactory.java, 55, 9c2f4b9e862de01169f62143fc8ffbecd88ea0e3, 78ee4696417986d2fe9ce211cd8e9a6efc28f16a
facebook.presto, presto-hive/src/main/java/com/facebook/presto/hive/util/AsyncRecursiveWalker.java, 74, 678913db7377dc67b3cbe92f6c9c9e401b777d97, f7b6f9051a068a4714391b6d11686709ed6cce12
facebook.presto, presto-hive/src/main/java/com/facebook/presto/hive/util/AsyncRecursiveWalker.java, 74, 678913db7377dc67b3cbe92f6c9c9e401b777d97, f7b6f9051a068a4714391b6d11686709ed6cce12
facebook.presto, presto-main/src/main/java/com/facebook/presto/execution/TaskExecutor.java, 99, 70f799c4c5c4aead8e9c2a5986870413c7c8cf7e, 8740e95cdcbf47b3b85b31a73ee82758aa23159c
facebook.presto, presto-hive/src/main/java/com/facebook/presto/hive/HiveClient.java, 588, c3298a9ee990eeeeabadb36b035433338e878ecf, da790091a3253ef46dc266d35d444a257a0070e9
facebook.presto, presto-hive/src/main/java/com/facebook/presto/hive/HiveClient.java, 338, e23740aecdf20d18fcdce46153c087a99bf5b2c3, 60c7b5c132bcfcddb2fb4977ca8139b9b0583779
facebook.presto, presto-main/src/main/java/com/facebook/presto/execution/SharedBuffer.java, 346, e3b94b6ab4c29b8dddb99ce9fd2efa36e097d455, d033d51116738b9bd5cedabec5b1f8236ab5b201
facebook.presto, presto-hive/src/main/java/com/facebook/presto/hive/HiveMetastoreClient.java, 22, 868cffb44fac6d02e9bfe6a0bbaf615fe64017d1, 0db8297af78a58f0aefa5895e607b1b0bdcaed8e
facebook.presto, presto-hive/src/main/java/com/facebook/presto/hive/HiveMetastoreClient.java, 28, 868cffb44fac6d02e9bfe6a0bbaf615fe64017d1, 0db8297af78a58f0aefa5895e607b1b0bdcaed8e
facebook.presto, presto-main/src/main/java/com/facebook/presto/tpch/TpchMetadata.java, 35, 882a8d7085e9c4e2b698c61de5d92e3f4643cbf4, a07b521ee61556139b093b414268c1e80a701e73
facebook.presto, presto-main/src/test/java/com/facebook/presto/sql/gen/TestExpressionCompiler.java, 996, 1728599958637971fd8406246d4d99c8df3fea6d, 0ac6bd22548004873d2db6fd23946211f51aaaea
facebook.presto, presto-main/src/main/java/com/facebook/presto/connector/ConnectorManager.java, 79, 28db1cc9efa95eb3db21a27872101e24f849ed34, e2cf60be61c40f9d2c532fdd928b6c3d26c086cf
facebook.presto, presto-main/src/main/java/com/facebook/presto/execution/CreateAliasExecution.java, 127, dcc24b58f7a426eed6d81d0c9f85367e12810efa, 398bb129e7e00fd72adc40f7af50729942a2fceb
facebook.presto, presto-main/src/main/java/com/facebook/presto/operator/HttpPageBufferClient.java, 358, 0ccf7393cbbb04a42ae4cce19588110fe11c2b7d, 21d3fbe0006f5606643482ad41b52b83c68c70b1
facebook.presto, presto-main/src/main/java/com/facebook/presto/split/SplitManager.java, 99, bb4b8b95e12f23f6951fdfdd903120902f0553c9, 9eb5b9c8a1da521a82ce291e82a4037de6faab2a
facebook.presto, presto-main/src/main/java/com/facebook/presto/execution/SqlTaskExecution.java, 423, bbe1b9a42da423745adb29c29c687e2545bb4202, cd4e8c6894f5fb1f8ed7415591d53502c1c12f19
facebook.presto, presto-server/src/test/java/com/facebook/presto/server/TestDistributedQueries.java, 155, 46c5f900bcc46e5340101decda81c214a467ffe4, 69d112f280316dd3f82a5c092550e5141fbe3a1c
facebook.presto, presto-cli/src/main/java/com/facebook/presto/cli/Query.java, 93, 1e1ec95117cf4701f3df2530aaf7a7c4627599f3, 09db64d9ff0d0dd046365f94b519e1a5d4a8fd9b
facebook.presto, presto-server/src/main/java/com/facebook/presto/server/StatementResource.java, 109, 16767e5187b0d75a180aa8a3678d7afe6bc6f0da, 2d90802070fc1762fc3154b002b388771f072e88
facebook.presto, presto-server/src/main/java/com/facebook/presto/server/StatementResource.java, 109, 16767e5187b0d75a180aa8a3678d7afe6bc6f0da, 2d90802070fc1762fc3154b002b388771f072e88
facebook.presto, presto-server/src/main/java/com/facebook/presto/server/StatementResource.java, 603, 16767e5187b0d75a180aa8a3678d7afe6bc6f0da, 2d90802070fc1762fc3154b002b388771f072e88
facebook.presto, presto-server/src/main/java/com/facebook/presto/server/StatementResource.java, 605, 16767e5187b0d75a180aa8a3678d7afe6bc6f0da, 2d90802070fc1762fc3154b002b388771f072e88
facebook.presto, presto-server/src/main/java/com/facebook/presto/server/StatementResource.java, 605, 16767e5187b0d75a180aa8a3678d7afe6bc6f0da, 2d90802070fc1762fc3154b002b388771f072e88
facebook.presto, presto-main/src/main/java/com/facebook/presto/operator/ExchangeOperator.java, 188, 15ca69b22b2bcdde426fa8e806c7748f2dfe22fe, 743138e410228c29862624b548e02d019579a4f0
facebook.presto, presto-main/src/main/java/com/facebook/presto/operator/ExchangeOperator.java, 188, 15ca69b22b2bcdde426fa8e806c7748f2dfe22fe, 743138e410228c29862624b548e02d019579a4f0
facebook.presto, presto-main/src/main/java/com/facebook/presto/split/SplitManager.java, 216, 01958335b94eb8813a090a53768e751e4f8f7366, 9ac7b16e70df9028f2cad04d9137c7fdb631fd95
facebook.presto, presto-main/src/main/java/com/facebook/presto/split/SplitManager.java, 216, 01958335b94eb8813a090a53768e751e4f8f7366, 9ac7b16e70df9028f2cad04d9137c7fdb631fd95
facebook.presto, presto-main/src/main/java/com/facebook/presto/Main.java, 27, 2017a6ab6bfa3b454ada907d36faed810b8e69b6, d9c14802ae7a978b284e4b701c498da3c582c984
facebook.presto, presto-main/src/main/java/com/facebook/presto/Main.java, 27, 2017a6ab6bfa3b454ada907d36faed810b8e69b6, d9c14802ae7a978b284e4b701c498da3c582c984
facebook.presto, presto-main/src/main/java/com/facebook/presto/Main.java, 27, 2017a6ab6bfa3b454ada907d36faed810b8e69b6, d9c14802ae7a978b284e4b701c498da3c582c984
facebook.presto, presto-main/src/main/java/com/facebook/presto/cli/StatusPrinter.java, 188, 3b0e5ccc430c5ae4187e6139535c32cc17bb2a2b, 4bcf757f94474ea232667b7f36c38142f3b9273c
facebook.presto, presto-main/src/main/java/com/facebook/presto/cli/StatusPrinter.java, 188, 3b0e5ccc430c5ae4187e6139535c32cc17bb2a2b, 4bcf757f94474ea232667b7f36c38142f3b9273c
facebook.presto, presto-main/src/main/java/com/facebook/presto/cli/StatusPrinter.java, 246, 3b0e5ccc430c5ae4187e6139535c32cc17bb2a2b, 4bcf757f94474ea232667b7f36c38142f3b9273c
facebook.presto, presto-main/src/main/java/com/facebook/presto/cli/StatusPrinter.java, 246, 3b0e5ccc430c5ae4187e6139535c32cc17bb2a2b, 4bcf757f94474ea232667b7f36c38142f3b9273c
facebook.presto, presto-main/src/main/java/com/facebook/presto/cli/StatusPrinter.java, 285, 3b0e5ccc430c5ae4187e6139535c32cc17bb2a2b, 4bcf757f94474ea232667b7f36c38142f3b9273c
facebook.presto, presto-main/src/main/java/com/facebook/presto/cli/StatusPrinter.java, 285, 3b0e5ccc430c5ae4187e6139535c32cc17bb2a2b, 4bcf757f94474ea232667b7f36c38142f3b9273c
facebook.presto, presto-main/src/main/java/com/facebook/presto/operator/SourceHashProviderFactory.java, 15, 80496087c650e01892096294ee33b6342ad6f1ef, 7e1298162af789de93a5dede52e4be5ad5e73af5
facebook.presto, presto-main/src/main/java/com/facebook/presto/cli/Execute.java, 248, 194a3d4413de06e4f57f2c2bdb001fcd1fd4385b, 496032b131566d37ae3d28c7de77cf69cb73276d
facebook.presto, presto-main/src/main/java/com/facebook/presto/server/QueryState.java, 130, ece9610959ca56ac6472c4eb8dd1d053c7304b80, a5301ef51c9e9d19d8f52ca37a73fbdeabd996fb
facebook.presto, presto-main/src/main/java/com/facebook/presto/server/QueryState.java, 135, ece9610959ca56ac6472c4eb8dd1d053c7304b80, a5301ef51c9e9d19d8f52ca37a73fbdeabd996fb
facebook.presto, src/test/java/com/facebook/presto/TestQueries.java, 252, ccd35ff388a3e7c5001779f44d74f57d8b1261c5, 63e702a83fad67102e0107bd74fd1fd7c5e0b0ea
facebook.presto, src/main/java/com/facebook/presto/operators/GroupByBlockStream.java, 70, 7b2e1e1a5d17428d853aa964971695bc63ccd5b8, 2c33b666290d937c64f820e9a46b20d2f15f4053
facebook.presto, src/main/java/com/facebook/presto/operators/GroupByBlockStream.java, 70, 7b2e1e1a5d17428d853aa964971695bc63ccd5b8, 2c33b666290d937c64f820e9a46b20d2f15f4053
