google.closure-compiler, src/com/google/javascript/jscomp/LazyParsedDependencyInfo.java, 55, f37d5613a9b20a315d208d3e78a2c51aa2eca47e, 5c2d9e952736db1b3b2c663a20cad48d8d1b6922
google.closure-compiler, src/com/google/javascript/jscomp/deps/JsFileRegexParser.java, 252, f37d5613a9b20a315d208d3e78a2c51aa2eca47e, 5c2d9e952736db1b3b2c663a20cad48d8d1b6922
google.closure-compiler, test/com/google/javascript/jscomp/LazyParsedDependencyInfoTest.java, 153, f37d5613a9b20a315d208d3e78a2c51aa2eca47e, 5c2d9e952736db1b3b2c663a20cad48d8d1b6922
google.closure-compiler, src/com/google/javascript/rhino/JSDocInfo.java, 2036, c86e1482cf46434c6504e93b41c4f94f1c030374, 43cd63d59f0aa06de85346a1fbcaa5e65b822593
google.closure-compiler, src/com/google/javascript/rhino/JSDocInfo.java, 2043, c86e1482cf46434c6504e93b41c4f94f1c030374, 43cd63d59f0aa06de85346a1fbcaa5e65b822593
google.closure-compiler, src/com/google/javascript/jscomp/AmbiguateProperties.java, 237, 51271a02806489a2e2b5539475eb2131fd29b77d, 903084399a57721d987f61c9c09ac6d2cdb2b3a8
google.closure-compiler, src/com/google/javascript/jscomp/AmbiguateProperties.java, 237, 51271a02806489a2e2b5539475eb2131fd29b77d, 903084399a57721d987f61c9c09ac6d2cdb2b3a8
google.closure-compiler, src/com/google/javascript/jscomp/DefaultPassConfig.java, 3494, 51271a02806489a2e2b5539475eb2131fd29b77d, 903084399a57721d987f61c9c09ac6d2cdb2b3a8
google.closure-compiler, src/com/google/javascript/jscomp/DisambiguatePrivateProperties.java, 58, 51271a02806489a2e2b5539475eb2131fd29b77d, 903084399a57721d987f61c9c09ac6d2cdb2b3a8
google.closure-compiler, src/com/google/javascript/jscomp/DisambiguatePrivateProperties.java, 58, 51271a02806489a2e2b5539475eb2131fd29b77d, 903084399a57721d987f61c9c09ac6d2cdb2b3a8
google.closure-compiler, src/com/google/javascript/jscomp/DisambiguateProperties.java, 415, 51271a02806489a2e2b5539475eb2131fd29b77d, 903084399a57721d987f61c9c09ac6d2cdb2b3a8
google.closure-compiler, src/com/google/javascript/jscomp/DisambiguateProperties.java, 415, 51271a02806489a2e2b5539475eb2131fd29b77d, 903084399a57721d987f61c9c09ac6d2cdb2b3a8
google.closure-compiler, src/com/google/javascript/jscomp/Es6RewriteModules.java, 168, 51271a02806489a2e2b5539475eb2131fd29b77d, 903084399a57721d987f61c9c09ac6d2cdb2b3a8
google.closure-compiler, src/com/google/javascript/jscomp/Es6RewriteModules.java, 168, 51271a02806489a2e2b5539475eb2131fd29b77d, 903084399a57721d987f61c9c09ac6d2cdb2b3a8
google.closure-compiler, src/com/google/javascript/jscomp/J2clPropertyInlinerPass.java, 63, 51271a02806489a2e2b5539475eb2131fd29b77d, 903084399a57721d987f61c9c09ac6d2cdb2b3a8
google.closure-compiler, src/com/google/javascript/jscomp/J2clPropertyInlinerPass.java, 63, 51271a02806489a2e2b5539475eb2131fd29b77d, 903084399a57721d987f61c9c09ac6d2cdb2b3a8
google.closure-compiler, src/com/google/javascript/jscomp/RemoveUnusedCode.java, 252, 51271a02806489a2e2b5539475eb2131fd29b77d, 903084399a57721d987f61c9c09ac6d2cdb2b3a8
google.closure-compiler, src/com/google/javascript/jscomp/RemoveUnusedCode.java, 252, 51271a02806489a2e2b5539475eb2131fd29b77d, 903084399a57721d987f61c9c09ac6d2cdb2b3a8
google.closure-compiler, src/com/google/javascript/jscomp/RenameProperties.java, 258, 51271a02806489a2e2b5539475eb2131fd29b77d, 903084399a57721d987f61c9c09ac6d2cdb2b3a8
google.closure-compiler, src/com/google/javascript/jscomp/RenameProperties.java, 258, 51271a02806489a2e2b5539475eb2131fd29b77d, 903084399a57721d987f61c9c09ac6d2cdb2b3a8
google.closure-compiler, src/com/google/javascript/jscomp/StripCode.java, 99, 51271a02806489a2e2b5539475eb2131fd29b77d, 903084399a57721d987f61c9c09ac6d2cdb2b3a8
google.closure-compiler, src/com/google/javascript/jscomp/StripCode.java, 99, 51271a02806489a2e2b5539475eb2131fd29b77d, 903084399a57721d987f61c9c09ac6d2cdb2b3a8
google.closure-compiler, test/com/google/javascript/jscomp/CompilerTestCase.java, 1613, 51271a02806489a2e2b5539475eb2131fd29b77d, 903084399a57721d987f61c9c09ac6d2cdb2b3a8
google.closure-compiler, test/com/google/javascript/jscomp/CompilerTestCase.java, 1613, 51271a02806489a2e2b5539475eb2131fd29b77d, 903084399a57721d987f61c9c09ac6d2cdb2b3a8
google.closure-compiler, test/com/google/javascript/jscomp/CompilerTestCase.java, 1636, 51271a02806489a2e2b5539475eb2131fd29b77d, 903084399a57721d987f61c9c09ac6d2cdb2b3a8
google.closure-compiler, test/com/google/javascript/jscomp/CompilerTestCase.java, 1636, 51271a02806489a2e2b5539475eb2131fd29b77d, 903084399a57721d987f61c9c09ac6d2cdb2b3a8
google.closure-compiler, test/com/google/javascript/jscomp/CompilerTestCase.java, 1639, 51271a02806489a2e2b5539475eb2131fd29b77d, 903084399a57721d987f61c9c09ac6d2cdb2b3a8
google.closure-compiler, test/com/google/javascript/jscomp/CompilerTestCase.java, 1639, 51271a02806489a2e2b5539475eb2131fd29b77d, 903084399a57721d987f61c9c09ac6d2cdb2b3a8
google.closure-compiler, test/com/google/javascript/jscomp/CompilerTestCase.java, 1646, 51271a02806489a2e2b5539475eb2131fd29b77d, 903084399a57721d987f61c9c09ac6d2cdb2b3a8
google.closure-compiler, test/com/google/javascript/jscomp/CompilerTestCase.java, 1646, 51271a02806489a2e2b5539475eb2131fd29b77d, 903084399a57721d987f61c9c09ac6d2cdb2b3a8
google.closure-compiler, test/com/google/javascript/jscomp/CompilerTestCase.java, 1657, 51271a02806489a2e2b5539475eb2131fd29b77d, 903084399a57721d987f61c9c09ac6d2cdb2b3a8
google.closure-compiler, test/com/google/javascript/jscomp/CompilerTestCase.java, 1657, 51271a02806489a2e2b5539475eb2131fd29b77d, 903084399a57721d987f61c9c09ac6d2cdb2b3a8
google.closure-compiler, test/com/google/javascript/jscomp/GatherGetterAndSetterPropertiesTest.java, 31, 51271a02806489a2e2b5539475eb2131fd29b77d, 903084399a57721d987f61c9c09ac6d2cdb2b3a8
google.closure-compiler, src/com/google/javascript/rhino/jstype/NamedType.java, 104, 0d35621b5c32f5d64ba2056c143d4bc351615c81, 31f12e81dcf3cbfbed51f93eb87d1eff2eb26765
google.closure-compiler, src/com/google/javascript/jscomp/DefaultPassConfig.java, 2419, 5782007c46e67cd4264aa05298cf72988dbd3537, 79c9963429c9298e9132200623b34a7c2e714ea9
google.closure-compiler, src/com/google/javascript/jscomp/SourceMap.java, 183, bbe22e599c7516a08f1a0c5aff540d4ef5a02eb3, 654e00d8bb3168b7063760c26ca6d17e50fe6147
google.closure-compiler, src/com/google/javascript/jscomp/SourceMap.java, 183, bbe22e599c7516a08f1a0c5aff540d4ef5a02eb3, 654e00d8bb3168b7063760c26ca6d17e50fe6147
google.closure-compiler, src/com/google/javascript/jscomp/DeclaredGlobalExternsOnWindow.java, 112, 634910c11ff38d87dfdd72865742528820a37aa9, 6f79075a91cd71b9cb67ba9a8dcd13b4c76f3124
google.closure-compiler, src/com/google/javascript/jscomp/DeclaredGlobalExternsOnWindow.java, 112, 634910c11ff38d87dfdd72865742528820a37aa9, 6f79075a91cd71b9cb67ba9a8dcd13b4c76f3124
google.closure-compiler, src/com/google/javascript/rhino/jstype/JSTypeRegistry.java, 388, 739189d54feb7523a33917dbb1b0d6cf996e554c, 93817861411dec3dd898b8bdd5c84c6386dd85c5
google.closure-compiler, src/com/google/javascript/rhino/jstype/FunctionType.java, 580, 3c8d3e908b01f47c69600a235fb7e5173f4f0d7b, dce856f61b93d8d159f45b1f0ebfc5ea9c8f28b1
google.closure-compiler, src/com/google/javascript/rhino/jstype/FunctionType.java, 595, 3c8d3e908b01f47c69600a235fb7e5173f4f0d7b, dce856f61b93d8d159f45b1f0ebfc5ea9c8f28b1
google.closure-compiler, src/com/google/javascript/rhino/jstype/FunctionType.java, 613, 3c8d3e908b01f47c69600a235fb7e5173f4f0d7b, dce856f61b93d8d159f45b1f0ebfc5ea9c8f28b1
google.closure-compiler, src/com/google/javascript/jscomp/CompilerOptions.java, 222, 465403dcb54522a763acdab0ff7fee7c03b0f341, 06408609385d73395c2b2a50dc37b0997f12b2e6
google.closure-compiler, src/com/google/javascript/jscomp/ImplicitNullabilityCheck.java, 78, c340e6160ebb4a82e993875b68daa4b9aafbb92d, 4fd33c53cba5cec1bff74ab0a33c6a24f9ef2e7d
google.closure-compiler, src/com/google/javascript/jscomp/TypedScopeCreator.java, 218, ce5f8ecd322a7251c9585a1aba07b1334c4f491d, 3cf8be854b030fbd51bb07ebfce2937228f0db6f
google.closure-compiler, test/com/google/javascript/jscomp/StrictModeCheckTest.java, 47, 86b2d8d04c060d0c6fc65703b2c9f3f99e32a53b, 4a3b5616eec91727e5fee5a0e2b8d0280dbff127
google.closure-compiler, src/com/google/javascript/jscomp/RhinoErrorReporter.java, 52, 4a7e4baf334f0a22230e99046b4f63321ae9ccc4, 5564412480efc7ccb5aeeaf56dc64f03ad7c381b
google.closure-compiler, src/com/google/javascript/jscomp/RhinoErrorReporter.java, 52, 4a7e4baf334f0a22230e99046b4f63321ae9ccc4, 5564412480efc7ccb5aeeaf56dc64f03ad7c381b
google.closure-compiler, src/com/google/javascript/jscomp/RhinoErrorReporter.java, 52, 6e44c2ab7f925356eebe85a007e5d89d2880fef2, 42b4f45a6216a4bad199d03ecd09a9fbdc4b6f65
google.closure-compiler, src/com/google/javascript/jscomp/RhinoErrorReporter.java, 52, 6e44c2ab7f925356eebe85a007e5d89d2880fef2, 42b4f45a6216a4bad199d03ecd09a9fbdc4b6f65
google.closure-compiler, src/com/google/javascript/jscomp/CompilerInput.java, 309, de0b466751544a742b35d287465e584467796406, 20b4233e5b136cd5c226df594423ca271ce1f7fb
google.closure-compiler, src/com/google/javascript/jscomp/JsAst.java, 175, de0b466751544a742b35d287465e584467796406, 20b4233e5b136cd5c226df594423ca271ce1f7fb
google.closure-compiler, src/com/google/javascript/jscomp/CompilerOptions.java, 2789, 63d25425293ce36b61665d3264696cd38cc8e6c2, 5f6da5d51b49f075d7f5d71a26af9f73500ae970
google.closure-compiler, test/com/google/javascript/jscomp/RemoveUnusedCodeNameAnalyzerTest.java, 594, a95dd903c7b82b0934e8ecf81af9a01629f34a29, d9c072de4c22d763836e83b93725c8b7aa0e9502
google.closure-compiler, src/com/google/javascript/jscomp/SymbolTable.java, 155, 5ee951ff70fe47c3ac6c7ace3e8b802c99598d14, 966db876e160950e0f2a22808e1095fcb2029192
google.closure-compiler, src/com/google/javascript/rhino/Node.java, 2341, 8ca49102c21f505c6e733c1e15d0cf93a21764ce, 98bd2afb31f656ff63dd60f6608675ac8630c16e
google.closure-compiler, src/com/google/javascript/jscomp/IncrementalScopeCreator.java, 307, 1f06fd5e26e7454182368890d0b882817ca5869f, 5d02a6c7bfc0a7a9b3c0de9b50816f8c41a7e5f4
google.closure-compiler, src/com/google/javascript/jscomp/CompilerOptions.java, 224, 52194cf080a8363b250b8f6c0fcb88c11e639122, f5104ee186b71432cd258cff5254fbeff07ce0aa
google.closure-compiler, src/com/google/javascript/jscomp/deps/Es6SortedDependencies.java, 113, daa6b7abd4d8d8c420addb5d1af91b60505d0522, 1be8d7fe7a40efb4c363679538e4c0cb31c6b43e
google.closure-compiler, src/com/google/javascript/refactoring/ErrorToFixMapper.java, 60, daa6b7abd4d8d8c420addb5d1af91b60505d0522, 1be8d7fe7a40efb4c363679538e4c0cb31c6b43e
google.closure-compiler, src/com/google/javascript/jscomp/SourceMapInput.java, 60, 1be8d7fe7a40efb4c363679538e4c0cb31c6b43e, ef8bba0fe5429d2a4c8047ee309f844cb8d6b4ce
google.closure-compiler, src/com/google/javascript/jscomp/SourceMapInput.java, 63, 1be8d7fe7a40efb4c363679538e4c0cb31c6b43e, ef8bba0fe5429d2a4c8047ee309f844cb8d6b4ce
google.closure-compiler, test/com/google/javascript/jscomp/OptimizeParametersTest.java, 166, 25f231b4a41a3d15554e7687e899ce46e6bd17f1, 641e5d0a7c3e8fa7a20e7db7435ccb08f7a2ee49
google.closure-compiler, test/com/google/javascript/jscomp/OptimizeParametersTest.java, 166, 25f231b4a41a3d15554e7687e899ce46e6bd17f1, 641e5d0a7c3e8fa7a20e7db7435ccb08f7a2ee49
google.closure-compiler, test/com/google/javascript/jscomp/OptimizeParametersTest.java, 170, 25f231b4a41a3d15554e7687e899ce46e6bd17f1, 641e5d0a7c3e8fa7a20e7db7435ccb08f7a2ee49
google.closure-compiler, test/com/google/javascript/jscomp/OptimizeParametersTest.java, 170, 25f231b4a41a3d15554e7687e899ce46e6bd17f1, 641e5d0a7c3e8fa7a20e7db7435ccb08f7a2ee49
google.closure-compiler, src/com/google/javascript/jscomp/DiagnosticGroups.java, 280, 2751e2207868cd6f35e86ed40a6076d52e7c0252, 86db7ff743a24faa91ff1d5e015e1dc810e6e8b7
google.closure-compiler, test/com/google/javascript/jscomp/ProcessClosurePrimitivesTest.java, 1041, 0940ca6f4588c99837f551bd1bdf64dec5392a45, df0af78877bc0b6915add353dbeccfb835940771
google.closure-compiler, test/com/google/javascript/jscomp/ProcessClosurePrimitivesTest.java, 1046, 0940ca6f4588c99837f551bd1bdf64dec5392a45, df0af78877bc0b6915add353dbeccfb835940771
google.closure-compiler, src/com/google/javascript/jscomp/deps/ModuleLoader.java, 58, f130eecfda624409190f9cb43747d8c69f37180b, 0e929d8b72577fd3eb7eefe5034f1f6329b1eb10
google.closure-compiler, src/com/google/javascript/jscomp/deps/ModuleLoader.java, 58, f130eecfda624409190f9cb43747d8c69f37180b, 0e929d8b72577fd3eb7eefe5034f1f6329b1eb10
google.closure-compiler, src/com/google/debugging/sourcemap/SourceMapConsumerV3.java, 246, 8777c0882b68f70d662d21b862b0db35cf50826d, f648367f9b73cc125cd9c007c22a3c6881930e28
google.closure-compiler, src/com/google/debugging/sourcemap/SourceMapConsumerV3.java, 304, 8777c0882b68f70d662d21b862b0db35cf50826d, f648367f9b73cc125cd9c007c22a3c6881930e28
google.closure-compiler, src/com/google/debugging/sourcemap/SourceMapConsumerV3.java, 366, 8777c0882b68f70d662d21b862b0db35cf50826d, f648367f9b73cc125cd9c007c22a3c6881930e28
google.closure-compiler, src/com/google/javascript/jscomp/testing/TypeSubject.java, 98, 852dd4e4d74e12c27f03f98773cd5e169bfa7952, 0f7cba0aead22b064fd90aec6cb87cf8463df57a
google.closure-compiler, src/com/google/javascript/jscomp/AbstractCompiler.java, 187, 9d87dbad9f0c649c8244586cfea3ca25731da893, 3fcb04ec86d4dcd02e7753f7cac8681117abb5b2
google.closure-compiler, src/com/google/javascript/jscomp/Compiler.java, 2802, 9d87dbad9f0c649c8244586cfea3ca25731da893, 3fcb04ec86d4dcd02e7753f7cac8681117abb5b2
google.closure-compiler, src/com/google/javascript/jscomp/NodeTraversal.java, 274, 9d87dbad9f0c649c8244586cfea3ca25731da893, 3fcb04ec86d4dcd02e7753f7cac8681117abb5b2
google.closure-compiler, src/com/google/javascript/jscomp/IncrementalScopeCreator.java, 243, 6cb2c658345aa049af9208e5b30af39a6961c1e1, a282ff7736cc2eee9c274f261e833566d5571dc4
google.closure-compiler, src/com/google/javascript/jscomp/GlobalTypeInfoCollector.java, 690, 81f1094cc69d3c0a1a7233c5912f347e742b868d, 1efb3ae305108b5eef6736808473de021d41a6eb
google.closure-compiler, src/com/google/javascript/jscomp/AstValidator.java, 1055, daef17d4bb38e7a7961121288f1ef4ae3c56ec71, 084fc2712c39b75c07094f226b7ccdb07a198935
google.closure-compiler, src/com/google/javascript/jscomp/AstValidator.java, 1055, daef17d4bb38e7a7961121288f1ef4ae3c56ec71, 084fc2712c39b75c07094f226b7ccdb07a198935
google.closure-compiler, src/com/google/javascript/jscomp/DefaultPassConfig.java, 386, f89b9f2a2130ce548ca7ebb20fa1311bf714aa10, 541f13d1c843abe74a5f40efa6368d5d02e9c36b
google.closure-compiler, src/com/google/javascript/jscomp/AbstractCommandLineRunner.java, 1181, 99c4661a447ef55201251c67d21acfdcb100b73e, f80e687824e694c49b847270b7a02805da7df062
google.closure-compiler, src/com/google/javascript/jscomp/Compiler.java, 3351, 99c4661a447ef55201251c67d21acfdcb100b73e, f80e687824e694c49b847270b7a02805da7df062
google.closure-compiler, test/com/google/javascript/jscomp/lint/CheckRequiresAndProvidesSortedTest.java, 65, ca2867e682778681afb334782cde94bef96202c1, 8abe168cfceba16d36fb111c20af1ec2206e6d90
google.closure-compiler, test/com/google/javascript/jscomp/lint/CheckRequiresAndProvidesSortedTest.java, 73, ca2867e682778681afb334782cde94bef96202c1, 8abe168cfceba16d36fb111c20af1ec2206e6d90
google.closure-compiler, test/com/google/javascript/jscomp/lint/CheckRequiresAndProvidesSortedTest.java, 152, ca2867e682778681afb334782cde94bef96202c1, 8abe168cfceba16d36fb111c20af1ec2206e6d90
google.closure-compiler, src/com/google/javascript/rhino/Node.java, 732, 87418e0a4168464983d7a6ce24ad2a4ff0bd6f77, 9b8c4898d126cef24b6b1fa7623a12e4650f9e7a
google.closure-compiler, src/com/google/javascript/jscomp/CommandLineRunner.java, 1757, 3c7e125fc08f7d752e848dcb7e83a574ce4bd8ec, 6ead83e3206d43688226fa7a6ac18ce2a271160f
google.closure-compiler, test/com/google/javascript/jscomp/IntegrationTestCase.java, 38, 5aaaddd4f52a81353ff659cd4c41a39f0fbfd571, bf5f0e7b516d8cc786ac218c2f5dad175d5aa11b
google.closure-compiler, test/com/google/javascript/jscomp/PeepholeFoldConstantsTest.java, 1333, 5aaaddd4f52a81353ff659cd4c41a39f0fbfd571, bf5f0e7b516d8cc786ac218c2f5dad175d5aa11b
google.closure-compiler, test/com/google/javascript/jscomp/CompilerTest.java, 245, 0f576f5520e6615ccb61bc7310e567ac2db90991, 85c5a12861766a825858998de527a54e19d96044
google.closure-compiler, src/com/google/javascript/jscomp/DefaultExterns.java, 33, 425403eeed99d409a1c49ad5243a3a0bd86ed66c, 08a5696023a5db3eb8652cf99366b9ab68babd3b
google.closure-compiler, src/com/google/javascript/jscomp/DefaultExterns.java, 40, 425403eeed99d409a1c49ad5243a3a0bd86ed66c, 08a5696023a5db3eb8652cf99366b9ab68babd3b
google.closure-compiler, src/com/google/javascript/jscomp/PhaseOptimizer.java, 94, 425403eeed99d409a1c49ad5243a3a0bd86ed66c, 08a5696023a5db3eb8652cf99366b9ab68babd3b
google.closure-compiler, src/com/google/javascript/jscomp/PhaseOptimizer.java, 106, 425403eeed99d409a1c49ad5243a3a0bd86ed66c, 08a5696023a5db3eb8652cf99366b9ab68babd3b
google.closure-compiler, test/com/google/javascript/jscomp/DevirtualizePrototypeMethodsTest.java, 99, 425403eeed99d409a1c49ad5243a3a0bd86ed66c, 08a5696023a5db3eb8652cf99366b9ab68babd3b
google.closure-compiler, test/com/google/javascript/jscomp/DevirtualizePrototypeMethodsTest.java, 111, 425403eeed99d409a1c49ad5243a3a0bd86ed66c, 08a5696023a5db3eb8652cf99366b9ab68babd3b
google.closure-compiler, src/com/google/javascript/jscomp/NameBasedDefinitionProvider.java, 97, 7ffa9eb8a9b21d708eba945be8709207503d9247, f2d66c21c7a3a6607b1b7b8de1bb89a277e9a066
google.closure-compiler, src/com/google/javascript/jscomp/NameBasedDefinitionProvider.java, 97, 7ffa9eb8a9b21d708eba945be8709207503d9247, f2d66c21c7a3a6607b1b7b8de1bb89a277e9a066
google.closure-compiler, src/com/google/javascript/jscomp/NameBasedDefinitionProvider.java, 97, cb7d625f0a9ee93743e8f3afd15d466e5fc8f286, 20f67d035a816f8aa6e8062a95106e33bb2ccd0d
google.closure-compiler, src/com/google/javascript/jscomp/NameBasedDefinitionProvider.java, 97, cb7d625f0a9ee93743e8f3afd15d466e5fc8f286, 20f67d035a816f8aa6e8062a95106e33bb2ccd0d
google.closure-compiler, src/com/google/javascript/jscomp/ClosureCheckModule.java, 49, b7feb8ea7a9c0fd98e7594061b36d2db3823340a, 9b3d740c8e578c31226955488e2d48478609c2cd
google.closure-compiler, src/com/google/javascript/jscomp/ClosureCheckModule.java, 49, b7feb8ea7a9c0fd98e7594061b36d2db3823340a, 9b3d740c8e578c31226955488e2d48478609c2cd
google.closure-compiler, src/com/google/javascript/jscomp/ClosureCheckModule.java, 50, 8f7d75074fcb38c9ab2d3d9b39343c98bc27eb79, 1faf832adacd24e7b394b3ecf4c6073204e1c279
google.closure-compiler, src/com/google/javascript/jscomp/ClosureCheckModule.java, 50, 8f7d75074fcb38c9ab2d3d9b39343c98bc27eb79, 1faf832adacd24e7b394b3ecf4c6073204e1c279
google.closure-compiler, src/com/google/javascript/jscomp/ClosureCheckModule.java, 49, 0e5b7eee0fb534954add01460e09f1e61db831aa, 844694c391061363886fc3c5a12c499e24600ea7
google.closure-compiler, src/com/google/javascript/jscomp/ClosureCheckModule.java, 49, 0e5b7eee0fb534954add01460e09f1e61db831aa, 844694c391061363886fc3c5a12c499e24600ea7
google.closure-compiler, src/com/google/javascript/jscomp/ClosureCheckModule.java, 50, f0ef082c1a25d4d371167c751ac5d1941f2777f8, 28ae94f260d01f723b692bfbec688b542ebb49ad
google.closure-compiler, src/com/google/javascript/jscomp/ClosureCheckModule.java, 50, f0ef082c1a25d4d371167c751ac5d1941f2777f8, 28ae94f260d01f723b692bfbec688b542ebb49ad
google.closure-compiler, src/com/google/javascript/jscomp/SyntacticScopeCreator.java, 119, 5fb5f625511378f9d5547ddcc61c0c8411c333d6, afe3408469d3291516bce910738340ee6af4268d
google.closure-compiler, src/com/google/javascript/jscomp/TypeTransformation.java, 628, 5ceeb7cd804870a241b6943b37b295f37578abde, bf146e1f1e462aa2ef5ee4c9a7711702d6b8ce9d
google.closure-compiler, src/com/google/javascript/jscomp/DiagnosticGroups.java, 545, 447d89a336e0b343fa548c6ddabcf18a6345bc53, d5f6fd873a28fdc8d63920f4170059754a3a7b95
google.closure-compiler, src/com/google/javascript/refactoring/CodeReplacement.java, 38, 202197ee128df154528c5c27077185f679f48cfb, 5a052b7f81d898bc51529083d273992faa56e270
google.closure-compiler, src/com/google/javascript/jscomp/DisambiguateProperties.java, 122, 48777e43f8abef117960cbc56a8ff1c5003556ef, eda1950bb43fdc60730b33661bc2aa8295d64577
google.closure-compiler, src/com/google/javascript/jscomp/NameAnalyzer.java, 1135, 24d4f1a7133defb3bf9a8726cfb864004a5876ca, 72cd039f4793c351866f960d5082aa40e5089a4d
google.closure-compiler, src/com/google/javascript/jscomp/NameAnalyzer.java, 1161, 24d4f1a7133defb3bf9a8726cfb864004a5876ca, 72cd039f4793c351866f960d5082aa40e5089a4d
google.closure-compiler, src/com/google/javascript/jscomp/Es6ConvertSuperConstructorCalls.java, 325, 125e26bde0269dd286e8088a7b232e5c931664db, 085928c6c642192464c00305bc1a6086b27ee619
google.closure-compiler, src/com/google/javascript/jscomp/DefinitionUseSiteFinder.java, 172, 23423085f9af64ba33a2031298f46474317cb425, daa13a46ab8f1895a92975fe1d042ef86a340a76
google.closure-compiler, src/com/google/javascript/refactoring/SuggestedFix.java, 578, 0d55eaa6f802f96efce802c122bcbd878432f9bf, 0538393c42ad4949500faf49fb603e9b6a8530d8
google.closure-compiler, src/com/google/javascript/refactoring/SuggestedFix.java, 578, 0d55eaa6f802f96efce802c122bcbd878432f9bf, 0538393c42ad4949500faf49fb603e9b6a8530d8
google.closure-compiler, src/com/google/javascript/jscomp/CommandLineRunner.java, 1168, 8e1fa1f0a27b51d6a9e30594095b602a7fa699cd, 063f8676d99f8b4a151a2d0040573831844f526c
google.closure-compiler, src/com/google/javascript/jscomp/Linter.java, 45, 26e87501eafea1777149e7314de4935114cdedf1, 63763920c8d8733692c9166f87c0ccc6be9a843a
google.closure-compiler, src/com/google/javascript/rhino/jstype/FunctionType.java, 1148, f296eecca996e1a71884330e20388dd28ddc790b, b4023d04d75169b257362c836b8aac7d74912661
google.closure-compiler, src/com/google/javascript/jscomp/gwt/super/com/google/javascript/jscomp/Tracer.java, 34, cd0962880fd3868deffc2818d8655cfc0edacf6a, b9e28ac0243e0fa6e525a6819b70a71e1fb89b40
google.closure-compiler, src/com/google/javascript/jscomp/debugger/CompilationParam.java, 507, 2249344bed3ef3856ba2d8514e58f376fce8b432, 36ef45a311426c9c1c2812e06831400712c63289
google.closure-compiler, test/com/google/javascript/jscomp/TypeICompilerTestCase.java, 35, f05bb137d8a854b2dedebb31becdf54e61b93646, 2b01aca71800bcab19b76dfe578e364eb4984c43
google.closure-compiler, test/com/google/javascript/jscomp/TypeICompilerTestCase.java, 35, f05bb137d8a854b2dedebb31becdf54e61b93646, 2b01aca71800bcab19b76dfe578e364eb4984c43
google.closure-compiler, test/com/google/javascript/jscomp/TypeICompilerTestCase.java, 39, f05bb137d8a854b2dedebb31becdf54e61b93646, 2b01aca71800bcab19b76dfe578e364eb4984c43
google.closure-compiler, test/com/google/javascript/jscomp/TypeICompilerTestCase.java, 39, f05bb137d8a854b2dedebb31becdf54e61b93646, 2b01aca71800bcab19b76dfe578e364eb4984c43
google.closure-compiler, src/com/google/javascript/jscomp/CheckJSDoc.java, 176, e3745a62b80e4b7ddfe5e10f6f01d6b2dc2b1821, 90ba98422bf7bb46b9660f49baea70ae77c086d7
google.closure-compiler, src/com/google/javascript/jscomp/CheckJSDoc.java, 182, e3745a62b80e4b7ddfe5e10f6f01d6b2dc2b1821, 90ba98422bf7bb46b9660f49baea70ae77c086d7
google.closure-compiler, src/com/google/javascript/jscomp/CheckJSDoc.java, 188, e3745a62b80e4b7ddfe5e10f6f01d6b2dc2b1821, 90ba98422bf7bb46b9660f49baea70ae77c086d7
google.closure-compiler, src/com/google/javascript/jscomp/CheckJSDoc.java, 194, e3745a62b80e4b7ddfe5e10f6f01d6b2dc2b1821, 90ba98422bf7bb46b9660f49baea70ae77c086d7
google.closure-compiler, src/com/google/javascript/jscomp/CheckJSDoc.java, 200, e3745a62b80e4b7ddfe5e10f6f01d6b2dc2b1821, 90ba98422bf7bb46b9660f49baea70ae77c086d7
google.closure-compiler, src/com/google/javascript/refactoring/ErrorToFixMapper.java, 105, e90c2eeedb70da6a3ca0d27a048b4752a5dc16e1, 34a7653f02d893b496ec1ec34f6b599b5c1e5f6d
google.closure-compiler, src/com/google/javascript/jscomp/ConstCheck.java, 39, 0b9749aa429c009e6e392e2e526cb382fbee18df, 690601ae1e82eede51760d5b7aaf303e77caffd2
google.closure-compiler, src/com/google/javascript/jscomp/ConstCheck.java, 39, 0b9749aa429c009e6e392e2e526cb382fbee18df, 690601ae1e82eede51760d5b7aaf303e77caffd2
google.closure-compiler, test/com/google/javascript/jscomp/ConstCheckTest.java, 189, 0b9749aa429c009e6e392e2e526cb382fbee18df, 690601ae1e82eede51760d5b7aaf303e77caffd2
google.closure-compiler, test/com/google/javascript/jscomp/ConstCheckTest.java, 193, 0b9749aa429c009e6e392e2e526cb382fbee18df, 690601ae1e82eede51760d5b7aaf303e77caffd2
google.closure-compiler, test/com/google/javascript/jscomp/ConstCheckTest.java, 193, 0b9749aa429c009e6e392e2e526cb382fbee18df, 690601ae1e82eede51760d5b7aaf303e77caffd2
google.closure-compiler, src/com/google/javascript/jscomp/NewTypeInference.java, 2271, 7e69b806137604da52bdded56b711041943a3893, 15a97147692f5c597892ee2092c54b39318257e0
google.closure-compiler, src/com/google/javascript/jscomp/NewTypeInference.java, 2270, 7e69b806137604da52bdded56b711041943a3893, 15a97147692f5c597892ee2092c54b39318257e0
google.closure-compiler, src/com/google/javascript/jscomp/StatementFusion.java, 222, cd5712ff72e76f0eebf55d35c941c7b92c1558a9, 2112af59b62c58f7f2a81f829d7f56d7744e0f18
google.closure-compiler, src/com/google/javascript/jscomp/DiagnosticGroups.java, 50, 63e334f565d9d776180af5e7725c7b87bfcd10a9, 698471523bee8e78a1257941b44c36849c2c9d22
google.closure-compiler, src/com/google/javascript/jscomp/ClosureCheckModule.java, 142, 713759b4f55e6bdccb6cd43ea0ad3e202c3440b2, 752e609c559737de58c32b34fdd03df83b3f4e7a
google.closure-compiler, src/com/google/javascript/jscomp/PeepholeFoldConstants.java, 882, 8b818e85bd284561e9541a12aa6e004847f59811, 8a468ed4abb4ececc5f24928aac2f8c354fea54e
google.closure-compiler, src/com/google/debugging/sourcemap/SourceMapGeneratorV3.java, 481, bdd386e699e23c48524b822b9b890b077f294c69, d3c669a598134e08d22ab6263b3c9b442e86bc17
google.closure-compiler, src/com/google/debugging/sourcemap/SourceMapGeneratorV3.java, 804, bdd386e699e23c48524b822b9b890b077f294c69, d3c669a598134e08d22ab6263b3c9b442e86bc17
google.closure-compiler, src/com/google/javascript/jscomp/Compiler.java, 551, bdd386e699e23c48524b822b9b890b077f294c69, d3c669a598134e08d22ab6263b3c9b442e86bc17
google.closure-compiler, src/com/google/javascript/jscomp/LightweightMessageFormatter.java, 131, bdd386e699e23c48524b822b9b890b077f294c69, d3c669a598134e08d22ab6263b3c9b442e86bc17
google.closure-compiler, src/com/google/javascript/jscomp/RhinoErrorReporter.java, 107, bdd386e699e23c48524b822b9b890b077f294c69, d3c669a598134e08d22ab6263b3c9b442e86bc17
google.closure-compiler, src/com/google/javascript/jscomp/TypeCheck.java, 1501, bdd386e699e23c48524b822b9b890b077f294c69, d3c669a598134e08d22ab6263b3c9b442e86bc17
google.closure-compiler, src/com/google/javascript/jscomp/ant/CompileTask.java, 750, bdd386e699e23c48524b822b9b890b077f294c69, d3c669a598134e08d22ab6263b3c9b442e86bc17
google.closure-compiler, src/com/google/javascript/jscomp/parsing/parser/Scanner.java, 213, bdd386e699e23c48524b822b9b890b077f294c69, d3c669a598134e08d22ab6263b3c9b442e86bc17
google.closure-compiler, src/com/google/javascript/jscomp/parsing/parser/Scanner.java, 217, bdd386e699e23c48524b822b9b890b077f294c69, d3c669a598134e08d22ab6263b3c9b442e86bc17
google.closure-compiler, src/com/google/javascript/jscomp/parsing/parser/Scanner.java, 744, bdd386e699e23c48524b822b9b890b077f294c69, d3c669a598134e08d22ab6263b3c9b442e86bc17
google.closure-compiler, src/com/google/javascript/jscomp/parsing/parser/Scanner.java, 755, bdd386e699e23c48524b822b9b890b077f294c69, d3c669a598134e08d22ab6263b3c9b442e86bc17
google.closure-compiler, src/com/google/javascript/rhino/Node.java, 2456, bdd386e699e23c48524b822b9b890b077f294c69, d3c669a598134e08d22ab6263b3c9b442e86bc17
google.closure-compiler, src/com/google/javascript/rhino/SimpleErrorReporter.java, 75, bdd386e699e23c48524b822b9b890b077f294c69, d3c669a598134e08d22ab6263b3c9b442e86bc17
google.closure-compiler, test/com/google/debugging/sourcemap/SourceMapGeneratorV3Test.java, 55, bdd386e699e23c48524b822b9b890b077f294c69, d3c669a598134e08d22ab6263b3c9b442e86bc17
google.closure-compiler, test/com/google/javascript/jscomp/CheckConformanceTest.java, 1057, bdd386e699e23c48524b822b9b890b077f294c69, d3c669a598134e08d22ab6263b3c9b442e86bc17
google.closure-compiler, test/com/google/javascript/jscomp/CheckConformanceTest.java, 1068, bdd386e699e23c48524b822b9b890b077f294c69, d3c669a598134e08d22ab6263b3c9b442e86bc17
google.closure-compiler, test/com/google/javascript/jscomp/CheckConformanceTest.java, 1072, bdd386e699e23c48524b822b9b890b077f294c69, d3c669a598134e08d22ab6263b3c9b442e86bc17
google.closure-compiler, test/com/google/javascript/jscomp/CommandLineRunnerTest.java, 1762, bdd386e699e23c48524b822b9b890b077f294c69, d3c669a598134e08d22ab6263b3c9b442e86bc17
google.closure-compiler, test/com/google/javascript/jscomp/CompilerTest.java, 158, bdd386e699e23c48524b822b9b890b077f294c69, d3c669a598134e08d22ab6263b3c9b442e86bc17
google.closure-compiler, test/com/google/javascript/jscomp/CompilerTestCase.java, 661, bdd386e699e23c48524b822b9b890b077f294c69, d3c669a598134e08d22ab6263b3c9b442e86bc17
google.closure-compiler, test/com/google/javascript/jscomp/MakeDeclaredNamesUniqueTest.java, 103, bdd386e699e23c48524b822b9b890b077f294c69, d3c669a598134e08d22ab6263b3c9b442e86bc17
google.closure-compiler, test/com/google/javascript/jscomp/NormalizeTest.java, 190, bdd386e699e23c48524b822b9b890b077f294c69, d3c669a598134e08d22ab6263b3c9b442e86bc17
google.closure-compiler, test/com/google/javascript/jscomp/PeepholeFoldConstantsTest.java, 1282, bdd386e699e23c48524b822b9b890b077f294c69, d3c669a598134e08d22ab6263b3c9b442e86bc17
google.closure-compiler, test/com/google/javascript/jscomp/StrictModeCheckTest.java, 343, bdd386e699e23c48524b822b9b890b077f294c69, d3c669a598134e08d22ab6263b3c9b442e86bc17
google.closure-compiler, src/com/google/javascript/jscomp/ProcessCommonJSModules.java, 486, 88ab3f29c17cb38e01cfa655876b7627558c6de1, 70b1bec449354d435db79264481f66862b3b543f
google.closure-compiler, src/com/google/javascript/jscomp/Linter.java, 46, 11b2dc6cb756eab64037bb27188e0c1eac3b01e0, 74d86087e82b35bccb39cdb46601ed4b0e1f14cd
google.closure-compiler, src/com/google/javascript/jscomp/Linter.java, 46, 11b2dc6cb756eab64037bb27188e0c1eac3b01e0, 74d86087e82b35bccb39cdb46601ed4b0e1f14cd
google.closure-compiler, src/com/google/javascript/jscomp/CheckUnusedPrivateProperties.java, 69, 28839656db6bc11561d17a66761d8592e8a67de1, 1004c380c40a18134932d7cad5bf1fb2dd2508e3
google.closure-compiler, src/com/google/javascript/jscomp/VariableReferenceCheck.java, 47, 2c434d09d831b7fcb8e0f4d22047637520d11be3, b8ebc30b966c4c493079349331ea8e2d22ced1df
google.closure-compiler, src/com/google/javascript/jscomp/VariableReferenceCheck.java, 47, 2c434d09d831b7fcb8e0f4d22047637520d11be3, b8ebc30b966c4c493079349331ea8e2d22ced1df
google.closure-compiler, test/com/google/javascript/jscomp/Es6VariableReferenceCheckTest.java, 370, 2c434d09d831b7fcb8e0f4d22047637520d11be3, b8ebc30b966c4c493079349331ea8e2d22ced1df
google.closure-compiler, test/com/google/javascript/jscomp/Es6VariableReferenceCheckTest.java, 370, 2c434d09d831b7fcb8e0f4d22047637520d11be3, b8ebc30b966c4c493079349331ea8e2d22ced1df
google.closure-compiler, test/com/google/javascript/jscomp/VariableReferenceCheckTest.java, 262, 2c434d09d831b7fcb8e0f4d22047637520d11be3, b8ebc30b966c4c493079349331ea8e2d22ced1df
google.closure-compiler, test/com/google/javascript/jscomp/VariableReferenceCheckTest.java, 262, 2c434d09d831b7fcb8e0f4d22047637520d11be3, b8ebc30b966c4c493079349331ea8e2d22ced1df
google.closure-compiler, src/com/google/javascript/jscomp/VariableReferenceCheck.java, 47, 26f1133593498a87216f0dd4954ff7c07313b740, 477f59d3e52ea9dbbb27e6ccd12447dbb78672ae
google.closure-compiler, src/com/google/javascript/jscomp/VariableReferenceCheck.java, 47, 26f1133593498a87216f0dd4954ff7c07313b740, 477f59d3e52ea9dbbb27e6ccd12447dbb78672ae
google.closure-compiler, test/com/google/javascript/jscomp/Es6VariableReferenceCheckTest.java, 370, 26f1133593498a87216f0dd4954ff7c07313b740, 477f59d3e52ea9dbbb27e6ccd12447dbb78672ae
google.closure-compiler, test/com/google/javascript/jscomp/Es6VariableReferenceCheckTest.java, 370, 26f1133593498a87216f0dd4954ff7c07313b740, 477f59d3e52ea9dbbb27e6ccd12447dbb78672ae
google.closure-compiler, test/com/google/javascript/jscomp/VariableReferenceCheckTest.java, 262, 26f1133593498a87216f0dd4954ff7c07313b740, 477f59d3e52ea9dbbb27e6ccd12447dbb78672ae
google.closure-compiler, test/com/google/javascript/jscomp/VariableReferenceCheckTest.java, 262, 26f1133593498a87216f0dd4954ff7c07313b740, 477f59d3e52ea9dbbb27e6ccd12447dbb78672ae
google.closure-compiler, src/com/google/javascript/jscomp/lint/CheckForInOverArray.java, 92, 1483181d1cddaba1aaa283fae5f1d5b7c347802f, a0fbd5b93f93eec0189ead0109f4e08a3db82c71
google.closure-compiler, test/com/google/javascript/jscomp/deps/ClosureSortedDependenciesTest.java, 23, 25c6de151fdcf2980ad073af5e9d4ff25c662b80, 59766476adfd5f14050e43f901bb5992a5c2edc0
google.closure-compiler, test/com/google/javascript/jscomp/deps/Es6SortedDependenciesTest.java, 23, 25c6de151fdcf2980ad073af5e9d4ff25c662b80, 59766476adfd5f14050e43f901bb5992a5c2edc0
google.closure-compiler, src/com/google/javascript/rhino/jstype/PrototypeObjectType.java, 91, 6778ebb53736d821d376ec09b39933355de4f5e3, 14c0b638bd8adf2016481d93da8db41941541eb6
google.closure-compiler, src/com/google/javascript/jscomp/ProcessClosurePrimitives.java, 830, 4660d2c4aaae508c654b1d05b8638d4fc5e5a527, 24be6f66b6e6ef46dc2714a1169726b6187bff17
google.closure-compiler, test/com/google/javascript/jscomp/ProcessCommonJSModulesTest.java, 180, 70857b76b6debcce4cd2b1e9befcc9ee574e0b10, b12a354d55153891154df0c7af7e03a3c9cc0a75
google.closure-compiler, test/com/google/javascript/jscomp/ProcessCommonJSModulesTest.java, 180, 70857b76b6debcce4cd2b1e9befcc9ee574e0b10, b12a354d55153891154df0c7af7e03a3c9cc0a75
google.closure-compiler, test/com/google/javascript/jscomp/ProcessCommonJSModulesTest.java, 186, 70857b76b6debcce4cd2b1e9befcc9ee574e0b10, b12a354d55153891154df0c7af7e03a3c9cc0a75
google.closure-compiler, test/com/google/javascript/jscomp/ProcessCommonJSModulesTest.java, 186, 70857b76b6debcce4cd2b1e9befcc9ee574e0b10, b12a354d55153891154df0c7af7e03a3c9cc0a75
google.closure-compiler, test/com/google/javascript/jscomp/ProcessCommonJSModulesTest.java, 192, 70857b76b6debcce4cd2b1e9befcc9ee574e0b10, b12a354d55153891154df0c7af7e03a3c9cc0a75
google.closure-compiler, test/com/google/javascript/jscomp/ProcessCommonJSModulesTest.java, 192, 70857b76b6debcce4cd2b1e9befcc9ee574e0b10, b12a354d55153891154df0c7af7e03a3c9cc0a75
google.closure-compiler, src/com/google/javascript/jscomp/DefaultPassConfig.java, 283, 7a38e366168d514aa41d9996ee89caf259ee2f27, 62eb740d0dc3fb26c2bd09907faca52ed86da717
google.closure-compiler, src/com/google/javascript/jscomp/NewTypeInference.java, 1762, 5c69489d8b91abf358206501a09097125acf1a8a, 914a7ba2c9ee900a4c30017df967972bb37ad751
google.closure-compiler, src/com/google/javascript/jscomp/PolymerPass.java, 609, b9d796bfae6fa9f1cc3d021210621b5d11a6d685, 735a286970558c328092689b7a1e7896bf053544
google.closure-compiler, src/com/google/javascript/jscomp/PolymerPass.java, 609, b9d796bfae6fa9f1cc3d021210621b5d11a6d685, 735a286970558c328092689b7a1e7896bf053544
google.closure-compiler, src/com/google/javascript/jscomp/Es6ToEs3Converter.java, 747, fdd6f8b54dccb215c8fe55e39b24fbbb5dd62a14, 377cb2aea98f28237a4dff158f9d0e71ba884d89
google.closure-compiler, src/com/google/javascript/jscomp/NewTypeInference.java, 3239, e468368e908ffe056690c2399d9e0b59557af2d8, 049a44c3a2a10cc6e1a7b3e21e434619aea4fa4d
google.closure-compiler, src/com/google/javascript/jscomp/JsMessageVisitor.java, 747, 204d9f571caab35a0adb72ffd87fd9c85a12300a, eb008892d5d730c4c3c14991ae19650d010f0547
google.closure-compiler, src/com/google/javascript/jscomp/JsMessageVisitor.java, 757, 204d9f571caab35a0adb72ffd87fd9c85a12300a, eb008892d5d730c4c3c14991ae19650d010f0547
google.closure-compiler, src/com/google/javascript/jscomp/Es6RewriteGenerators.java, 982, eb008892d5d730c4c3c14991ae19650d010f0547, 5bc9aae71e132be449e8b42d9624661d3e44650d
google.closure-compiler, src/com/google/javascript/jscomp/Es6RewriteGenerators.java, 1000, eb008892d5d730c4c3c14991ae19650d010f0547, 5bc9aae71e132be449e8b42d9624661d3e44650d
google.closure-compiler, src/com/google/javascript/jscomp/VariableReferenceCheck.java, 52, 27212f298ec3ee50204e5169f61ba48702346450, 9ead34ab2f450526f19a4f522abe53d36732ff4e
google.closure-compiler, src/com/google/javascript/jscomp/VariableReferenceCheck.java, 52, 27212f298ec3ee50204e5169f61ba48702346450, 9ead34ab2f450526f19a4f522abe53d36732ff4e
google.closure-compiler, src/com/google/javascript/jscomp/SourceFile.java, 112, 1fe531a4525bfc4a4138a0074d632eb79d1ce044, 2d91d45d5053c6b643e57dd9fbc50703b52b6b3c
google.closure-compiler, src/com/google/javascript/jscomp/SourceMapInput.java, 35, 9cc8d23483fe49c80ef1be463ceac670e00c37c7, 5420fa6dd81e7240e98d361f8a506a9c069f1d7c
google.closure-compiler, src/com/google/javascript/jscomp/SourceMapInput.java, 35, 9fc02469522f77d08bd814f383c3dbf59977b39b, c63fc662e422a686a62f9d2e74e5360a69cb10b2
google.closure-compiler, src/com/google/javascript/jscomp/SourceMapInput.java, 35, 1311b037963f606ad2d2acb70f3141cddd7e6067, b3c4c6536b26208a869df690565b117bbafb75d5
google.closure-compiler, src/com/google/javascript/jscomp/TypeCheck.java, 1246, 27587f7deb81c340c8ffbbeffe38875a9e66406c, abf60bb668ff337441015477f3136d08f61cc055
google.closure-compiler, src/com/google/javascript/jscomp/TypeCheck.java, 1271, 27587f7deb81c340c8ffbbeffe38875a9e66406c, abf60bb668ff337441015477f3136d08f61cc055
google.closure-compiler, src/com/google/javascript/jscomp/newtypes/FunctionType.java, 153, 634fb738883042dd28f0f16330c3a796766d99d8, 0ca8ade42b493c4d9168aa553af9760054ae0082
google.closure-compiler, src/com/google/javascript/jscomp/CheckAccessControls.java, 80, 0f272c58a561f35317608d843facd29b4b1f9247, fb974fa1069f1e185a67ccef4c92d6e04b1bb18a
google.closure-compiler, src/com/google/javascript/jscomp/CheckAccessControls.java, 80, 0f272c58a561f35317608d843facd29b4b1f9247, fb974fa1069f1e185a67ccef4c92d6e04b1bb18a
google.closure-compiler, src/com/google/javascript/rhino/jstype/UnionTypeBuilder.java, 67, 818764ab9f6ca06949b523f32080719c520c926b, 29193f1bb185feea223fecdd57540687e0e7cd8e
google.closure-compiler, src/com/google/javascript/jscomp/GlobalTypeInfo.java, 1510, d1bb887561bf3818d4a0f6964359786212a01d63, 6e6e24bce6b0075bf1aaa819d64cb528435bd510
google.closure-compiler, src/com/google/javascript/jscomp/GlobalTypeInfo.java, 1514, d1bb887561bf3818d4a0f6964359786212a01d63, 6e6e24bce6b0075bf1aaa819d64cb528435bd510
google.closure-compiler, src/com/google/javascript/jscomp/NewTypeInference.java, 2563, 6442298e28c835ed3add70f22bc193c31bb200f4, 39199d8acf19a1897f5b311d16bfb2f0814d8c4e
google.closure-compiler, src/com/google/javascript/jscomp/newtypes/JSType.java, 392, da2c1203899f562a031ca28e7ac53903474cc759, f6929a64bbb7068999dafed4f04ccfb1fa09013b
google.closure-compiler, src/com/google/javascript/jscomp/ScopedAliases.java, 211, 66818467b26ea9aecf50fc0a3448b1eb9aac74f0, a2d924bdc4928f8591ebe1d4f7689a9240d3402b
google.closure-compiler, src/com/google/javascript/jscomp/ScopedAliases.java, 225, 66818467b26ea9aecf50fc0a3448b1eb9aac74f0, a2d924bdc4928f8591ebe1d4f7689a9240d3402b
google.closure-compiler, src/com/google/javascript/jscomp/newtypes/ObjectType.java, 437, 592fdd6723ee509f09ec2f37d2f2c7e187d305c5, fdf43f66dbfad794b0365b3c634f47ee8fefef3c
google.closure-compiler, src/com/google/javascript/jscomp/InstrumentMemoryAllocPass.java, 41, a9aeaa326a54b7bb8acbd719ea64bf062e101127, 5e4cd715a6102ae787897282c908af1c88f0ec72
google.closure-compiler, src/com/google/javascript/jscomp/DiagnosticGroup.java, 69, bb893266036cbc7f0b434794d4fd9306513357be, 471f3944363b0de94f0edbcffbb06205a67565b4
google.closure-compiler, test/com/google/javascript/jscomp/ClosureReverseAbstractInterpreterTest.java, 206, 6f981f77e5bd9e2eecbd851a2a02933cdb9af0d8, 450f0f6ef5d9b1bea2bc556e6029fa4f2f8554a2
google.closure-compiler, src/com/google/javascript/jscomp/RhinoErrorReporter.java, 56, 541a33ea309a08c82988d48604492f56746c0089, fbfbb2b27cbe72e9c8ab4d34d22c21d52ca1d150
google.closure-compiler, src/com/google/javascript/jscomp/RhinoErrorReporter.java, 56, 541a33ea309a08c82988d48604492f56746c0089, fbfbb2b27cbe72e9c8ab4d34d22c21d52ca1d150
google.closure-compiler, src/com/google/javascript/jscomp/Tracer.java, 970, 0cf74c1eed6009d29c02dbd6c0a831af448e8915, f58f7523c285197df175ad780dbe6288c67bc08c
google.closure-compiler, src/com/google/javascript/jscomp/CleanupPasses.java, 53, 4c1b34b34b68f102fbb5021a801b6d99de967550, b31b4de025de3beefcd5bf164bb64e13f2ce0691
google.closure-compiler, src/com/google/javascript/jscomp/CleanupPasses.java, 63, 4c1b34b34b68f102fbb5021a801b6d99de967550, b31b4de025de3beefcd5bf164bb64e13f2ce0691
google.closure-compiler, src/com/google/javascript/jscomp/DefaultPassConfig.java, 146, 4c1b34b34b68f102fbb5021a801b6d99de967550, b31b4de025de3beefcd5bf164bb64e13f2ce0691
google.closure-compiler, src/com/google/javascript/jscomp/DefaultPassConfig.java, 156, 4c1b34b34b68f102fbb5021a801b6d99de967550, b31b4de025de3beefcd5bf164bb64e13f2ce0691
google.closure-compiler, src/com/google/javascript/jscomp/PassConfig.java, 223, 4c1b34b34b68f102fbb5021a801b6d99de967550, b31b4de025de3beefcd5bf164bb64e13f2ce0691
google.closure-compiler, src/com/google/javascript/jscomp/PassConfig.java, 229, 4c1b34b34b68f102fbb5021a801b6d99de967550, b31b4de025de3beefcd5bf164bb64e13f2ce0691
google.closure-compiler, src/com/google/javascript/jscomp/PassConfig.java, 264, 4c1b34b34b68f102fbb5021a801b6d99de967550, b31b4de025de3beefcd5bf164bb64e13f2ce0691
google.closure-compiler, src/com/google/javascript/jscomp/PassConfig.java, 268, 4c1b34b34b68f102fbb5021a801b6d99de967550, b31b4de025de3beefcd5bf164bb64e13f2ce0691
google.closure-compiler, src/com/google/javascript/jscomp/PassConfig.java, 273, 4c1b34b34b68f102fbb5021a801b6d99de967550, b31b4de025de3beefcd5bf164bb64e13f2ce0691
google.closure-compiler, src/com/google/javascript/jscomp/PassConfig.java, 289, 4c1b34b34b68f102fbb5021a801b6d99de967550, b31b4de025de3beefcd5bf164bb64e13f2ce0691
google.closure-compiler, src/com/google/javascript/jscomp/type/ChainableReverseAbstractInterpreter.java, 111, b31b4de025de3beefcd5bf164bb64e13f2ce0691, 66c8c695fd8130e3ede6f77c6e5cc1ec96a0e9b3
google.closure-compiler, src/com/google/javascript/jscomp/type/ChainableReverseAbstractInterpreter.java, 590, b31b4de025de3beefcd5bf164bb64e13f2ce0691, 66c8c695fd8130e3ede6f77c6e5cc1ec96a0e9b3
google.closure-compiler, src/com/google/javascript/jscomp/type/ChainableReverseAbstractInterpreter.java, 597, b31b4de025de3beefcd5bf164bb64e13f2ce0691, 66c8c695fd8130e3ede6f77c6e5cc1ec96a0e9b3
google.closure-compiler, src/com/google/javascript/jscomp/AliasStrings.java, 113, d2b19965df52e66385a2d7146887a44cea50330a, ce819584559a211d448da934412514e00139d8f8
google.closure-compiler, src/com/google/javascript/jscomp/AliasStrings.java, 113, d2b19965df52e66385a2d7146887a44cea50330a, ce819584559a211d448da934412514e00139d8f8
google.closure-compiler, src/com/google/javascript/jscomp/AliasStrings.java, 333, d2b19965df52e66385a2d7146887a44cea50330a, ce819584559a211d448da934412514e00139d8f8
google.closure-compiler, src/com/google/javascript/jscomp/AliasStrings.java, 333, d2b19965df52e66385a2d7146887a44cea50330a, ce819584559a211d448da934412514e00139d8f8
google.closure-compiler, src/com/google/javascript/jscomp/AmbiguateProperties.java, 243, d2b19965df52e66385a2d7146887a44cea50330a, ce819584559a211d448da934412514e00139d8f8
google.closure-compiler, src/com/google/javascript/jscomp/AmbiguateProperties.java, 243, d2b19965df52e66385a2d7146887a44cea50330a, ce819584559a211d448da934412514e00139d8f8
google.closure-compiler, src/com/google/javascript/jscomp/Compiler.java, 760, d2b19965df52e66385a2d7146887a44cea50330a, ce819584559a211d448da934412514e00139d8f8
google.closure-compiler, src/com/google/javascript/jscomp/Compiler.java, 760, d2b19965df52e66385a2d7146887a44cea50330a, ce819584559a211d448da934412514e00139d8f8
google.closure-compiler, src/com/google/javascript/jscomp/Compiler.java, 798, d2b19965df52e66385a2d7146887a44cea50330a, ce819584559a211d448da934412514e00139d8f8
google.closure-compiler, src/com/google/javascript/jscomp/Compiler.java, 798, d2b19965df52e66385a2d7146887a44cea50330a, ce819584559a211d448da934412514e00139d8f8
google.closure-compiler, src/com/google/javascript/jscomp/Compiler.java, 811, d2b19965df52e66385a2d7146887a44cea50330a, ce819584559a211d448da934412514e00139d8f8
google.closure-compiler, src/com/google/javascript/jscomp/Compiler.java, 811, d2b19965df52e66385a2d7146887a44cea50330a, ce819584559a211d448da934412514e00139d8f8
google.closure-compiler, src/com/google/javascript/jscomp/Compiler.java, 1787, d2b19965df52e66385a2d7146887a44cea50330a, ce819584559a211d448da934412514e00139d8f8
google.closure-compiler, src/com/google/javascript/jscomp/Compiler.java, 1787, d2b19965df52e66385a2d7146887a44cea50330a, ce819584559a211d448da934412514e00139d8f8
google.closure-compiler, src/com/google/javascript/jscomp/Compiler.java, 1796, d2b19965df52e66385a2d7146887a44cea50330a, ce819584559a211d448da934412514e00139d8f8
google.closure-compiler, src/com/google/javascript/jscomp/Compiler.java, 1796, d2b19965df52e66385a2d7146887a44cea50330a, ce819584559a211d448da934412514e00139d8f8
google.closure-compiler, src/com/google/javascript/jscomp/Compiler.java, 1809, d2b19965df52e66385a2d7146887a44cea50330a, ce819584559a211d448da934412514e00139d8f8
google.closure-compiler, src/com/google/javascript/jscomp/Compiler.java, 1809, d2b19965df52e66385a2d7146887a44cea50330a, ce819584559a211d448da934412514e00139d8f8
google.closure-compiler, src/com/google/javascript/jscomp/CrossModuleCodeMotion.java, 74, d2b19965df52e66385a2d7146887a44cea50330a, ce819584559a211d448da934412514e00139d8f8
google.closure-compiler, src/com/google/javascript/jscomp/CrossModuleCodeMotion.java, 74, d2b19965df52e66385a2d7146887a44cea50330a, ce819584559a211d448da934412514e00139d8f8
google.closure-compiler, src/com/google/javascript/jscomp/DisambiguateProperties.java, 595, d2b19965df52e66385a2d7146887a44cea50330a, ce819584559a211d448da934412514e00139d8f8
google.closure-compiler, src/com/google/javascript/jscomp/DisambiguateProperties.java, 595, d2b19965df52e66385a2d7146887a44cea50330a, ce819584559a211d448da934412514e00139d8f8
google.closure-compiler, src/com/google/javascript/jscomp/DisambiguateProperties.java, 597, d2b19965df52e66385a2d7146887a44cea50330a, ce819584559a211d448da934412514e00139d8f8
google.closure-compiler, src/com/google/javascript/jscomp/DisambiguateProperties.java, 597, d2b19965df52e66385a2d7146887a44cea50330a, ce819584559a211d448da934412514e00139d8f8
google.closure-compiler, src/com/google/javascript/jscomp/ExpandJqueryAliases.java, 80, d2b19965df52e66385a2d7146887a44cea50330a, ce819584559a211d448da934412514e00139d8f8
google.closure-compiler, src/com/google/javascript/jscomp/ExpandJqueryAliases.java, 80, d2b19965df52e66385a2d7146887a44cea50330a, ce819584559a211d448da934412514e00139d8f8
google.closure-compiler, src/com/google/javascript/jscomp/NameAnonymousFunctions.java, 56, d2b19965df52e66385a2d7146887a44cea50330a, ce819584559a211d448da934412514e00139d8f8
google.closure-compiler, src/com/google/javascript/jscomp/NameAnonymousFunctions.java, 56, d2b19965df52e66385a2d7146887a44cea50330a, ce819584559a211d448da934412514e00139d8f8
google.closure-compiler, src/com/google/javascript/jscomp/NameAnonymousFunctionsMapped.java, 69, d2b19965df52e66385a2d7146887a44cea50330a, ce819584559a211d448da934412514e00139d8f8
google.closure-compiler, src/com/google/javascript/jscomp/NameAnonymousFunctionsMapped.java, 69, d2b19965df52e66385a2d7146887a44cea50330a, ce819584559a211d448da934412514e00139d8f8
google.closure-compiler, src/com/google/javascript/jscomp/PhaseOptimizer.java, 248, d2b19965df52e66385a2d7146887a44cea50330a, ce819584559a211d448da934412514e00139d8f8
google.closure-compiler, src/com/google/javascript/jscomp/PhaseOptimizer.java, 248, d2b19965df52e66385a2d7146887a44cea50330a, ce819584559a211d448da934412514e00139d8f8
google.closure-compiler, src/com/google/javascript/jscomp/deps/DepsFileParser.java, 123, d2b19965df52e66385a2d7146887a44cea50330a, ce819584559a211d448da934412514e00139d8f8
google.closure-compiler, src/com/google/javascript/jscomp/deps/DepsFileParser.java, 123, d2b19965df52e66385a2d7146887a44cea50330a, ce819584559a211d448da934412514e00139d8f8
google.closure-compiler, src/com/google/javascript/jscomp/DefaultPassConfig.java, 513, ce819584559a211d448da934412514e00139d8f8, f636f23bdef4b27752ca249a28463ec1b6af1f0b
google.closure-compiler, src/com/google/javascript/jscomp/TypeCheck.java, 1562, 3517e9bad4eceb4aefaa9f3a999ec83f2db33f25, 400a87f52b5d1ffc28bb85ed302aefaea5c28021
google.closure-compiler, src/com/google/javascript/jscomp/JSModuleGraph.java, 276, 44c2d71195e5c4a3ded0ef2b2e593cabdeeec08b, 3d17a2a35084bf9da77267cf86770fc590d2c83f
google.closure-compiler, src/com/google/debugging/sourcemap/SourceMapSection.java, 63, 1cc7020ef11b3789b833ee0a5b55c442cf2ed67d, c343b71ee01d27057307a167dcbfc9ac00c4201d
google.closure-compiler, src/com/google/debugging/sourcemap/SourceMapSection.java, 67, 1cc7020ef11b3789b833ee0a5b55c442cf2ed67d, c343b71ee01d27057307a167dcbfc9ac00c4201d
google.closure-compiler, src/com/google/javascript/jscomp/DefaultPassConfig.java, 733, 042b972a5853424d39be1cb76f2710d4bc3380e0, ed28ddf3185af4116f95f5a10cf7b0c89248f6ce
google.closure-compiler, src/com/google/javascript/jscomp/DefaultPassConfig.java, 742, 042b972a5853424d39be1cb76f2710d4bc3380e0, ed28ddf3185af4116f95f5a10cf7b0c89248f6ce
google.closure-compiler, src/com/google/javascript/jscomp/DefaultPassConfig.java, 751, 042b972a5853424d39be1cb76f2710d4bc3380e0, ed28ddf3185af4116f95f5a10cf7b0c89248f6ce
google.closure-compiler, src/com/google/javascript/jscomp/DefaultPassConfig.java, 766, 042b972a5853424d39be1cb76f2710d4bc3380e0, ed28ddf3185af4116f95f5a10cf7b0c89248f6ce
google.closure-compiler, src/com/google/javascript/jscomp/DefaultPassConfig.java, 783, 042b972a5853424d39be1cb76f2710d4bc3380e0, ed28ddf3185af4116f95f5a10cf7b0c89248f6ce
google.closure-compiler, src/com/google/javascript/jscomp/DefaultPassConfig.java, 844, 042b972a5853424d39be1cb76f2710d4bc3380e0, ed28ddf3185af4116f95f5a10cf7b0c89248f6ce
google.closure-compiler, src/com/google/javascript/jscomp/DefaultPassConfig.java, 874, 042b972a5853424d39be1cb76f2710d4bc3380e0, ed28ddf3185af4116f95f5a10cf7b0c89248f6ce
google.closure-compiler, src/com/google/javascript/jscomp/DefaultPassConfig.java, 887, 042b972a5853424d39be1cb76f2710d4bc3380e0, ed28ddf3185af4116f95f5a10cf7b0c89248f6ce
google.closure-compiler, src/com/google/javascript/jscomp/DefaultPassConfig.java, 911, 042b972a5853424d39be1cb76f2710d4bc3380e0, ed28ddf3185af4116f95f5a10cf7b0c89248f6ce
google.closure-compiler, src/com/google/javascript/jscomp/DefaultPassConfig.java, 925, 042b972a5853424d39be1cb76f2710d4bc3380e0, ed28ddf3185af4116f95f5a10cf7b0c89248f6ce
google.closure-compiler, src/com/google/javascript/jscomp/DefaultPassConfig.java, 939, 042b972a5853424d39be1cb76f2710d4bc3380e0, ed28ddf3185af4116f95f5a10cf7b0c89248f6ce
google.closure-compiler, src/com/google/javascript/jscomp/DefaultPassConfig.java, 953, 042b972a5853424d39be1cb76f2710d4bc3380e0, ed28ddf3185af4116f95f5a10cf7b0c89248f6ce
google.closure-compiler, src/com/google/javascript/jscomp/DefaultPassConfig.java, 962, 042b972a5853424d39be1cb76f2710d4bc3380e0, ed28ddf3185af4116f95f5a10cf7b0c89248f6ce
google.closure-compiler, src/com/google/javascript/jscomp/DefaultPassConfig.java, 980, 042b972a5853424d39be1cb76f2710d4bc3380e0, ed28ddf3185af4116f95f5a10cf7b0c89248f6ce
google.closure-compiler, src/com/google/javascript/jscomp/DefaultPassConfig.java, 990, 042b972a5853424d39be1cb76f2710d4bc3380e0, ed28ddf3185af4116f95f5a10cf7b0c89248f6ce
google.closure-compiler, src/com/google/javascript/jscomp/DefaultPassConfig.java, 1000, 042b972a5853424d39be1cb76f2710d4bc3380e0, ed28ddf3185af4116f95f5a10cf7b0c89248f6ce
google.closure-compiler, src/com/google/javascript/jscomp/DefaultPassConfig.java, 1061, 042b972a5853424d39be1cb76f2710d4bc3380e0, ed28ddf3185af4116f95f5a10cf7b0c89248f6ce
google.closure-compiler, src/com/google/javascript/jscomp/DefaultPassConfig.java, 1085, 042b972a5853424d39be1cb76f2710d4bc3380e0, ed28ddf3185af4116f95f5a10cf7b0c89248f6ce
google.closure-compiler, src/com/google/javascript/jscomp/DefaultPassConfig.java, 1106, 042b972a5853424d39be1cb76f2710d4bc3380e0, ed28ddf3185af4116f95f5a10cf7b0c89248f6ce
google.closure-compiler, src/com/google/javascript/jscomp/DefaultPassConfig.java, 1123, 042b972a5853424d39be1cb76f2710d4bc3380e0, ed28ddf3185af4116f95f5a10cf7b0c89248f6ce
google.closure-compiler, src/com/google/javascript/jscomp/DefaultPassConfig.java, 1145, 042b972a5853424d39be1cb76f2710d4bc3380e0, ed28ddf3185af4116f95f5a10cf7b0c89248f6ce
google.closure-compiler, src/com/google/javascript/jscomp/DefaultPassConfig.java, 1164, 042b972a5853424d39be1cb76f2710d4bc3380e0, ed28ddf3185af4116f95f5a10cf7b0c89248f6ce
google.closure-compiler, src/com/google/javascript/jscomp/DefaultPassConfig.java, 1213, 042b972a5853424d39be1cb76f2710d4bc3380e0, ed28ddf3185af4116f95f5a10cf7b0c89248f6ce
google.closure-compiler, src/com/google/javascript/jscomp/DefaultPassConfig.java, 1222, 042b972a5853424d39be1cb76f2710d4bc3380e0, ed28ddf3185af4116f95f5a10cf7b0c89248f6ce
google.closure-compiler, src/com/google/javascript/jscomp/DefaultPassConfig.java, 1231, 042b972a5853424d39be1cb76f2710d4bc3380e0, ed28ddf3185af4116f95f5a10cf7b0c89248f6ce
google.closure-compiler, src/com/google/javascript/jscomp/DefaultPassConfig.java, 1240, 042b972a5853424d39be1cb76f2710d4bc3380e0, ed28ddf3185af4116f95f5a10cf7b0c89248f6ce
google.closure-compiler, src/com/google/javascript/jscomp/DefaultPassConfig.java, 1250, 042b972a5853424d39be1cb76f2710d4bc3380e0, ed28ddf3185af4116f95f5a10cf7b0c89248f6ce
google.closure-compiler, src/com/google/javascript/jscomp/DefaultPassConfig.java, 1266, 042b972a5853424d39be1cb76f2710d4bc3380e0, ed28ddf3185af4116f95f5a10cf7b0c89248f6ce
google.closure-compiler, src/com/google/javascript/jscomp/DefaultPassConfig.java, 1285, 042b972a5853424d39be1cb76f2710d4bc3380e0, ed28ddf3185af4116f95f5a10cf7b0c89248f6ce
google.closure-compiler, src/com/google/javascript/jscomp/DefaultPassConfig.java, 1294, 042b972a5853424d39be1cb76f2710d4bc3380e0, ed28ddf3185af4116f95f5a10cf7b0c89248f6ce
google.closure-compiler, src/com/google/javascript/jscomp/DefaultPassConfig.java, 1304, 042b972a5853424d39be1cb76f2710d4bc3380e0, ed28ddf3185af4116f95f5a10cf7b0c89248f6ce
google.closure-compiler, src/com/google/javascript/jscomp/DefaultPassConfig.java, 1313, 042b972a5853424d39be1cb76f2710d4bc3380e0, ed28ddf3185af4116f95f5a10cf7b0c89248f6ce
google.closure-compiler, src/com/google/javascript/jscomp/DefaultPassConfig.java, 1324, 042b972a5853424d39be1cb76f2710d4bc3380e0, ed28ddf3185af4116f95f5a10cf7b0c89248f6ce
google.closure-compiler, src/com/google/javascript/jscomp/DefaultPassConfig.java, 1334, 042b972a5853424d39be1cb76f2710d4bc3380e0, ed28ddf3185af4116f95f5a10cf7b0c89248f6ce
google.closure-compiler, src/com/google/javascript/jscomp/DefaultPassConfig.java, 1350, 042b972a5853424d39be1cb76f2710d4bc3380e0, ed28ddf3185af4116f95f5a10cf7b0c89248f6ce
google.closure-compiler, src/com/google/javascript/jscomp/DefaultPassConfig.java, 1364, 042b972a5853424d39be1cb76f2710d4bc3380e0, ed28ddf3185af4116f95f5a10cf7b0c89248f6ce
google.closure-compiler, src/com/google/javascript/jscomp/DefaultPassConfig.java, 1375, 042b972a5853424d39be1cb76f2710d4bc3380e0, ed28ddf3185af4116f95f5a10cf7b0c89248f6ce
google.closure-compiler, src/com/google/javascript/jscomp/DefaultPassConfig.java, 1387, 042b972a5853424d39be1cb76f2710d4bc3380e0, ed28ddf3185af4116f95f5a10cf7b0c89248f6ce
google.closure-compiler, src/com/google/javascript/jscomp/DefaultPassConfig.java, 1420, 042b972a5853424d39be1cb76f2710d4bc3380e0, ed28ddf3185af4116f95f5a10cf7b0c89248f6ce
google.closure-compiler, src/com/google/javascript/jscomp/DefaultPassConfig.java, 1433, 042b972a5853424d39be1cb76f2710d4bc3380e0, ed28ddf3185af4116f95f5a10cf7b0c89248f6ce
google.closure-compiler, src/com/google/javascript/jscomp/DefaultPassConfig.java, 1445, 042b972a5853424d39be1cb76f2710d4bc3380e0, ed28ddf3185af4116f95f5a10cf7b0c89248f6ce
google.closure-compiler, src/com/google/javascript/jscomp/DefaultPassConfig.java, 1470, 042b972a5853424d39be1cb76f2710d4bc3380e0, ed28ddf3185af4116f95f5a10cf7b0c89248f6ce
google.closure-compiler, src/com/google/javascript/jscomp/DefaultPassConfig.java, 1480, 042b972a5853424d39be1cb76f2710d4bc3380e0, ed28ddf3185af4116f95f5a10cf7b0c89248f6ce
google.closure-compiler, src/com/google/javascript/jscomp/DefaultPassConfig.java, 1491, 042b972a5853424d39be1cb76f2710d4bc3380e0, ed28ddf3185af4116f95f5a10cf7b0c89248f6ce
google.closure-compiler, src/com/google/javascript/jscomp/DefaultPassConfig.java, 1502, 042b972a5853424d39be1cb76f2710d4bc3380e0, ed28ddf3185af4116f95f5a10cf7b0c89248f6ce
google.closure-compiler, src/com/google/javascript/jscomp/DefaultPassConfig.java, 1515, 042b972a5853424d39be1cb76f2710d4bc3380e0, ed28ddf3185af4116f95f5a10cf7b0c89248f6ce
google.closure-compiler, src/com/google/javascript/jscomp/DefaultPassConfig.java, 1547, 042b972a5853424d39be1cb76f2710d4bc3380e0, ed28ddf3185af4116f95f5a10cf7b0c89248f6ce
google.closure-compiler, src/com/google/javascript/jscomp/DefaultPassConfig.java, 1566, 042b972a5853424d39be1cb76f2710d4bc3380e0, ed28ddf3185af4116f95f5a10cf7b0c89248f6ce
google.closure-compiler, src/com/google/javascript/jscomp/DefaultPassConfig.java, 1575, 042b972a5853424d39be1cb76f2710d4bc3380e0, ed28ddf3185af4116f95f5a10cf7b0c89248f6ce
google.closure-compiler, src/com/google/javascript/jscomp/DefaultPassConfig.java, 1584, 042b972a5853424d39be1cb76f2710d4bc3380e0, ed28ddf3185af4116f95f5a10cf7b0c89248f6ce
google.closure-compiler, src/com/google/javascript/jscomp/DefaultPassConfig.java, 1601, 042b972a5853424d39be1cb76f2710d4bc3380e0, ed28ddf3185af4116f95f5a10cf7b0c89248f6ce
google.closure-compiler, src/com/google/javascript/jscomp/DefaultPassConfig.java, 1618, 042b972a5853424d39be1cb76f2710d4bc3380e0, ed28ddf3185af4116f95f5a10cf7b0c89248f6ce
google.closure-compiler, src/com/google/javascript/jscomp/DefaultPassConfig.java, 1629, 042b972a5853424d39be1cb76f2710d4bc3380e0, ed28ddf3185af4116f95f5a10cf7b0c89248f6ce
google.closure-compiler, src/com/google/javascript/jscomp/DefaultPassConfig.java, 1644, 042b972a5853424d39be1cb76f2710d4bc3380e0, ed28ddf3185af4116f95f5a10cf7b0c89248f6ce
google.closure-compiler, src/com/google/javascript/jscomp/DefaultPassConfig.java, 1656, 042b972a5853424d39be1cb76f2710d4bc3380e0, ed28ddf3185af4116f95f5a10cf7b0c89248f6ce
google.closure-compiler, src/com/google/javascript/jscomp/DefaultPassConfig.java, 1665, 042b972a5853424d39be1cb76f2710d4bc3380e0, ed28ddf3185af4116f95f5a10cf7b0c89248f6ce
google.closure-compiler, src/com/google/javascript/jscomp/DefaultPassConfig.java, 1674, 042b972a5853424d39be1cb76f2710d4bc3380e0, ed28ddf3185af4116f95f5a10cf7b0c89248f6ce
google.closure-compiler, src/com/google/javascript/jscomp/DefaultPassConfig.java, 1687, 042b972a5853424d39be1cb76f2710d4bc3380e0, ed28ddf3185af4116f95f5a10cf7b0c89248f6ce
google.closure-compiler, src/com/google/javascript/jscomp/DefaultPassConfig.java, 1699, 042b972a5853424d39be1cb76f2710d4bc3380e0, ed28ddf3185af4116f95f5a10cf7b0c89248f6ce
google.closure-compiler, src/com/google/javascript/jscomp/DefaultPassConfig.java, 1710, 042b972a5853424d39be1cb76f2710d4bc3380e0, ed28ddf3185af4116f95f5a10cf7b0c89248f6ce
google.closure-compiler, src/com/google/javascript/jscomp/DefaultPassConfig.java, 1721, 042b972a5853424d39be1cb76f2710d4bc3380e0, ed28ddf3185af4116f95f5a10cf7b0c89248f6ce
google.closure-compiler, src/com/google/javascript/jscomp/DefaultPassConfig.java, 1730, 042b972a5853424d39be1cb76f2710d4bc3380e0, ed28ddf3185af4116f95f5a10cf7b0c89248f6ce
google.closure-compiler, src/com/google/javascript/jscomp/DefaultPassConfig.java, 1739, 042b972a5853424d39be1cb76f2710d4bc3380e0, ed28ddf3185af4116f95f5a10cf7b0c89248f6ce
google.closure-compiler, src/com/google/javascript/jscomp/DefaultPassConfig.java, 1748, 042b972a5853424d39be1cb76f2710d4bc3380e0, ed28ddf3185af4116f95f5a10cf7b0c89248f6ce
google.closure-compiler, src/com/google/javascript/jscomp/DefaultPassConfig.java, 1756, 042b972a5853424d39be1cb76f2710d4bc3380e0, ed28ddf3185af4116f95f5a10cf7b0c89248f6ce
google.closure-compiler, src/com/google/javascript/jscomp/DefaultPassConfig.java, 1771, 042b972a5853424d39be1cb76f2710d4bc3380e0, ed28ddf3185af4116f95f5a10cf7b0c89248f6ce
google.closure-compiler, src/com/google/javascript/jscomp/DefaultPassConfig.java, 1779, 042b972a5853424d39be1cb76f2710d4bc3380e0, ed28ddf3185af4116f95f5a10cf7b0c89248f6ce
google.closure-compiler, src/com/google/javascript/jscomp/DefaultPassConfig.java, 1789, 042b972a5853424d39be1cb76f2710d4bc3380e0, ed28ddf3185af4116f95f5a10cf7b0c89248f6ce
google.closure-compiler, src/com/google/javascript/jscomp/DefaultPassConfig.java, 1806, 042b972a5853424d39be1cb76f2710d4bc3380e0, ed28ddf3185af4116f95f5a10cf7b0c89248f6ce
google.closure-compiler, src/com/google/javascript/jscomp/DefaultPassConfig.java, 1815, 042b972a5853424d39be1cb76f2710d4bc3380e0, ed28ddf3185af4116f95f5a10cf7b0c89248f6ce
google.closure-compiler, src/com/google/javascript/jscomp/DefaultPassConfig.java, 1824, 042b972a5853424d39be1cb76f2710d4bc3380e0, ed28ddf3185af4116f95f5a10cf7b0c89248f6ce
google.closure-compiler, src/com/google/javascript/jscomp/DefaultPassConfig.java, 1837, 042b972a5853424d39be1cb76f2710d4bc3380e0, ed28ddf3185af4116f95f5a10cf7b0c89248f6ce
google.closure-compiler, src/com/google/javascript/jscomp/DefaultPassConfig.java, 1852, 042b972a5853424d39be1cb76f2710d4bc3380e0, ed28ddf3185af4116f95f5a10cf7b0c89248f6ce
google.closure-compiler, src/com/google/javascript/jscomp/DefaultPassConfig.java, 1861, 042b972a5853424d39be1cb76f2710d4bc3380e0, ed28ddf3185af4116f95f5a10cf7b0c89248f6ce
google.closure-compiler, src/com/google/javascript/jscomp/DefaultPassConfig.java, 1870, 042b972a5853424d39be1cb76f2710d4bc3380e0, ed28ddf3185af4116f95f5a10cf7b0c89248f6ce
google.closure-compiler, src/com/google/javascript/jscomp/DefaultPassConfig.java, 1928, 042b972a5853424d39be1cb76f2710d4bc3380e0, ed28ddf3185af4116f95f5a10cf7b0c89248f6ce
google.closure-compiler, src/com/google/javascript/jscomp/DefaultPassConfig.java, 1974, 042b972a5853424d39be1cb76f2710d4bc3380e0, ed28ddf3185af4116f95f5a10cf7b0c89248f6ce
google.closure-compiler, src/com/google/javascript/jscomp/DefaultPassConfig.java, 1983, 042b972a5853424d39be1cb76f2710d4bc3380e0, ed28ddf3185af4116f95f5a10cf7b0c89248f6ce
google.closure-compiler, src/com/google/javascript/jscomp/DefaultPassConfig.java, 1992, 042b972a5853424d39be1cb76f2710d4bc3380e0, ed28ddf3185af4116f95f5a10cf7b0c89248f6ce
google.closure-compiler, src/com/google/javascript/jscomp/DefaultPassConfig.java, 2001, 042b972a5853424d39be1cb76f2710d4bc3380e0, ed28ddf3185af4116f95f5a10cf7b0c89248f6ce
google.closure-compiler, src/com/google/javascript/jscomp/DefaultPassConfig.java, 2010, 042b972a5853424d39be1cb76f2710d4bc3380e0, ed28ddf3185af4116f95f5a10cf7b0c89248f6ce
google.closure-compiler, src/com/google/javascript/jscomp/DefaultPassConfig.java, 2104, 042b972a5853424d39be1cb76f2710d4bc3380e0, ed28ddf3185af4116f95f5a10cf7b0c89248f6ce
google.closure-compiler, src/com/google/javascript/jscomp/DefaultPassConfig.java, 2129, 042b972a5853424d39be1cb76f2710d4bc3380e0, ed28ddf3185af4116f95f5a10cf7b0c89248f6ce
google.closure-compiler, src/com/google/javascript/jscomp/DefaultPassConfig.java, 935, 46ac40646a39bd7aafde961695de777d725c0b7b, 22c4ea0db9484352812536abe754df9540ce7793
google.closure-compiler, src/com/google/javascript/jscomp/DefaultPassConfig.java, 951, 46ac40646a39bd7aafde961695de777d725c0b7b, 22c4ea0db9484352812536abe754df9540ce7793
google.closure-compiler, src/com/google/javascript/jscomp/CheckGlobalNames.java, 133, 552148a7cdf57d0adfab8ca14c99d5f600627512, aebca72a977c23bf2fa7901eb70e52d0702fddf8
google.closure-compiler, src/com/google/javascript/rhino/jstype/JSTypeRegistry.java, 1573, 290bffbf3b0a6917be44513accef3a082543bbb4, 63c9ab97253d7bfb1d5e2a27c39c9c3a8a6d3d7e
google.closure-compiler, src/com/google/javascript/rhino/jstype/JSTypeRegistry.java, 1573, 290bffbf3b0a6917be44513accef3a082543bbb4, 63c9ab97253d7bfb1d5e2a27c39c9c3a8a6d3d7e
google.closure-compiler, src/com/google/javascript/jscomp/CommandLineRunner.java, 593, e76e5680cb1816ba1e420fd6aa2c37f6fdb8c941, 027f4949c97913eac7dc4ba2402ceaf66246685e
google.closure-compiler, test/com/google/javascript/rhino/NodeTest.java, 110, 6bae902bd35ed4f57e7a5d612b7ad9b72f4559bc, e4cf805a6a27301672660756202e8dedee1e012b
google.closure-compiler, test/com/google/javascript/rhino/NodeTest.java, 110, 6bae902bd35ed4f57e7a5d612b7ad9b72f4559bc, e4cf805a6a27301672660756202e8dedee1e012b
google.closure-compiler, test/com/google/javascript/rhino/NodeTest.java, 116, 6bae902bd35ed4f57e7a5d612b7ad9b72f4559bc, e4cf805a6a27301672660756202e8dedee1e012b
google.closure-compiler, test/com/google/javascript/rhino/NodeTest.java, 116, 6bae902bd35ed4f57e7a5d612b7ad9b72f4559bc, e4cf805a6a27301672660756202e8dedee1e012b
google.closure-compiler, test/com/google/javascript/rhino/NodeTest.java, 133, 6bae902bd35ed4f57e7a5d612b7ad9b72f4559bc, e4cf805a6a27301672660756202e8dedee1e012b
google.closure-compiler, test/com/google/javascript/rhino/NodeTest.java, 133, 6bae902bd35ed4f57e7a5d612b7ad9b72f4559bc, e4cf805a6a27301672660756202e8dedee1e012b
google.closure-compiler, test/com/google/javascript/rhino/NodeTest.java, 141, 6bae902bd35ed4f57e7a5d612b7ad9b72f4559bc, e4cf805a6a27301672660756202e8dedee1e012b
google.closure-compiler, test/com/google/javascript/rhino/NodeTest.java, 141, 6bae902bd35ed4f57e7a5d612b7ad9b72f4559bc, e4cf805a6a27301672660756202e8dedee1e012b
google.closure-compiler, test/com/google/javascript/rhino/NodeTest.java, 151, 6bae902bd35ed4f57e7a5d612b7ad9b72f4559bc, e4cf805a6a27301672660756202e8dedee1e012b
google.closure-compiler, test/com/google/javascript/rhino/NodeTest.java, 151, 6bae902bd35ed4f57e7a5d612b7ad9b72f4559bc, e4cf805a6a27301672660756202e8dedee1e012b
google.closure-compiler, test/com/google/javascript/rhino/NodeTest.java, 160, 6bae902bd35ed4f57e7a5d612b7ad9b72f4559bc, e4cf805a6a27301672660756202e8dedee1e012b
google.closure-compiler, test/com/google/javascript/rhino/NodeTest.java, 160, 6bae902bd35ed4f57e7a5d612b7ad9b72f4559bc, e4cf805a6a27301672660756202e8dedee1e012b
google.closure-compiler, src/com/google/javascript/jscomp/VarCheck.java, 56, 4031a54f71a1df311b0b9ab24640297e0d526bfe, 9c1eea2dc00e2feb14c13e9a00d6a392f680df17
google.closure-compiler, src/com/google/javascript/jscomp/VarCheck.java, 56, 4031a54f71a1df311b0b9ab24640297e0d526bfe, 9c1eea2dc00e2feb14c13e9a00d6a392f680df17
google.closure-compiler, test/com/google/javascript/jscomp/VarCheckTest.java, 109, 4031a54f71a1df311b0b9ab24640297e0d526bfe, 9c1eea2dc00e2feb14c13e9a00d6a392f680df17
google.closure-compiler, test/com/google/javascript/jscomp/VarCheckTest.java, 114, 4031a54f71a1df311b0b9ab24640297e0d526bfe, 9c1eea2dc00e2feb14c13e9a00d6a392f680df17
google.closure-compiler, src/com/google/javascript/jscomp/DefaultPassConfig.java, 1216, aafd3788df73bd0d21c9411014a7cbda0a5bbd17, ad757409572dcd9f8c47a37aa6af9b2cc42d2fa9
google.closure-compiler, src/com/google/javascript/jscomp/AbstractCompilerRunner.java, 356, 5592f80e96e7fe3b7751c441efdd8eba6ccfc4ba, f975b58c3a9ece334d9c281ef415d901e18d96ed
