netty.netty, codec-http/src/test/java/io/netty/handler/codec/http/websocketx/WebSocketServerProtocolHandlerTest.java, 69, 2abaf505706d9a0f324a5ce42f739a2cd4f2d801, 642c9166f486e318fa6154763cce084de50d2a6b
netty.netty, codec-http/src/test/java/io/netty/handler/codec/http/HttpClientCodecTest.java, 335, fc33d6ae99e12f7e90036ec057644e7fd18ff413, 7a375a492c08deee6ead242e03f4ecd694598993
netty.netty, handler/src/test/java/io/netty/handler/flow/FlowControlHandlerTest.java, 376, d951140c565a081bf952a44c2fc9585cfc824e51, e177b74874c34770420c081035bff651c7b63251
netty.netty, codec/src/main/java/io/netty/handler/codec/compression/ByteBufChecksum.java, 54, db1e662933707e5be7f0838667dd062e968900e0, acd13e1cf701bcca11f624932b572dacbf2d7a37
netty.netty, handler-proxy/src/main/java/io/netty/handler/proxy/HttpProxyHandler.java, 173, c6b372f517dc691910552f18db1ada3c3a4127f2, 71d8d057e68834f711f7f38fe54a97b782550d60
netty.netty, common/src/main/java/io/netty/util/internal/NativeLibraryLoader.java, 221, 23190bd7878076b4c9518c38d16fd1b4fab969a4, 1bc7c4900c09bc61179124adbfa6b28a24a0c5fd
netty.netty, transport/src/main/java/io/netty/channel/DefaultChannelPipeline.java, 1334, 5b239150f1c02189f2a3e17c6fd92f652dc267f5, e114d6be46c7d2d81c3198dc492190adac37836a
netty.netty, handler/src/test/java/io/netty/handler/ssl/ParameterizedSslHandlerTest.java, 343, a80c49828f8d52b70e68b8a4c80f677ca44af0af, 01db30a163819b34cd9f96fb40526c93b48e7534
netty.netty, handler/src/test/java/io/netty/handler/ssl/ParameterizedSslHandlerTest.java, 343, a80c49828f8d52b70e68b8a4c80f677ca44af0af, 01db30a163819b34cd9f96fb40526c93b48e7534
netty.netty, handler/src/main/java/io/netty/handler/ssl/ReferenceCountedOpenSslEngine.java, 1115, ea626ef8c390dc81c71b3a16521cf591611bc5df, 79706357c73ded02615d0445db7503b646ff9547
netty.netty, common/src/main/java/io/netty/util/internal/PlatformDependent0.java, 371, 092073893201d515eb2ee375849efae7cc9065db, cda4f88ca247d3a028deed52e6024cbf5a880b12
netty.netty, handler/src/test/java/io/netty/handler/ssl/OpenSslErrorStackAssertSSLEngine.java, 419, 47985c11c1d9f11b94018539108ed65f0c6a32ab, 0bce0450c05697df6ff77a0a14183ee53a00053f
netty.netty, codec-http/src/main/java/io/netty/handler/codec/http/cors/CorsHandler.java, 208, ee9057ad99b9cc95140ee3e56265f32b6a28d709, 473f6a6edb8353728ea8e711ac8241ddc21adf08
netty.netty, codec-http/src/main/java/io/netty/handler/codec/http/cors/CorsHandler.java, 208, ee9057ad99b9cc95140ee3e56265f32b6a28d709, 473f6a6edb8353728ea8e711ac8241ddc21adf08
netty.netty, transport-native-epoll/src/main/java/io/netty/channel/epoll/AbstractEpollChannel.java, 305, 251bb1a73961f785ad12dbb3ae92830eca70b8cd, 95b02e49ac914972ac27c35bcb3272f8ca3956a4
netty.netty, transport-native-epoll/src/main/java/io/netty/channel/epoll/AbstractEpollChannel.java, 305, 251bb1a73961f785ad12dbb3ae92830eca70b8cd, 95b02e49ac914972ac27c35bcb3272f8ca3956a4
netty.netty, transport-native-kqueue/src/main/java/io/netty/channel/kqueue/AbstractKQueueChannel.java, 251, 251bb1a73961f785ad12dbb3ae92830eca70b8cd, 95b02e49ac914972ac27c35bcb3272f8ca3956a4
netty.netty, transport-native-kqueue/src/main/java/io/netty/channel/kqueue/AbstractKQueueChannel.java, 251, 251bb1a73961f785ad12dbb3ae92830eca70b8cd, 95b02e49ac914972ac27c35bcb3272f8ca3956a4
netty.netty, handler/src/main/java/io/netty/handler/ssl/ReferenceCountedOpenSslEngine.java, 1118, 7321418eb550ff5737b11acbc2843b29b466e968, fa584c146f96bd3448f0b06fac8708e5d5b48480
netty.netty, codec-http/src/main/java/io/netty/handler/codec/http/HttpHeaderNames.java, 147, 3b5dd4e9dc0b6e350d27a2628b3f37b2483fe4a9, ba3616da3edf843412bc366f5dde533f3aef1add
netty.netty, codec-http/src/main/java/io/netty/handler/codec/http/HttpHeaderNames.java, 353, 3b5dd4e9dc0b6e350d27a2628b3f37b2483fe4a9, ba3616da3edf843412bc366f5dde533f3aef1add
netty.netty, transport-native-unix-common-tests/src/main/java/io/netty/channel/unix/tests/UnixChannelUtilTest.java, 50, 82a43727c308f2401468d4306c1ba2b5095f54b5, 14ea69cdc1ad3c77b9c5ec088f6a69e7ec565447
netty.netty, transport-native-unix-common-tests/src/main/java/io/netty/channel/unix/tests/UnixChannelUtilTest.java, 50, 82a43727c308f2401468d4306c1ba2b5095f54b5, 14ea69cdc1ad3c77b9c5ec088f6a69e7ec565447
netty.netty, transport-native-unix-common-tests/src/main/java/io/netty/channel/unix/tests/UnixChannelUtilTest.java, 59, 82a43727c308f2401468d4306c1ba2b5095f54b5, 14ea69cdc1ad3c77b9c5ec088f6a69e7ec565447
netty.netty, codec-http/src/main/java/io/netty/handler/codec/http/HttpObjectEncoder.java, 198, eee0ec390231389b32e27f9ab52e279140abd82e, 1504abd474efd055e73ae75154f879c11e137465
netty.netty, codec-http/src/main/java/io/netty/handler/codec/http/HttpServerCodec.java, 114, eee0ec390231389b32e27f9ab52e279140abd82e, 1504abd474efd055e73ae75154f879c11e137465
netty.netty, transport-sctp/src/main/java/io/netty/handler/codec/sctp/SctpOutboundByteStreamHandler.java, 56, ca9d1658a00fef7be53abeaf499cb78bdc3a5017, 61efd81952499aa36ea53b703f94696907364e79
netty.netty, codec-http2/src/main/java/io/netty/handler/codec/http2/HpackDecoder.java, 52, f4c635d30b23be6ce51866704c178232e98015e7, ed1071d327cdd77bf520befda7f62081374e77bc
netty.netty, codec-http2/src/main/java/io/netty/handler/codec/http2/HpackDecoder.java, 91, f4c635d30b23be6ce51866704c178232e98015e7, ed1071d327cdd77bf520befda7f62081374e77bc
netty.netty, codec-http2/src/main/java/io/netty/handler/codec/http2/HpackDecoder.java, 103, f4c635d30b23be6ce51866704c178232e98015e7, ed1071d327cdd77bf520befda7f62081374e77bc
netty.netty, transport/src/main/java/io/netty/bootstrap/AbstractBootstrap.java, 463, bf08ed0b93e54e8e21f23e9d948fd2732dc52171, aa2f16f3143e46412e3c043b097e0f70f5026196
netty.netty, handler/src/test/java/io/netty/handler/ssl/JdkOpenSslEngineInteroptTest.java, 91, 847359fd36c28fa360090459d1243a9603e47786, 43a2315372a8d642ce4df14db2ebfd001b9538e0
netty.netty, codec-http2/src/main/java/io/netty/handler/codec/http2/internal/hpack/Decoder.java, 216, f73c4f24ee36c671562840e941c914f79566cf97, 21e8d84b7961c36435714cdb16eec31ad08213bc
netty.netty, codec-http2/src/main/java/io/netty/handler/codec/http2/internal/hpack/Decoder.java, 216, f73c4f24ee36c671562840e941c914f79566cf97, 21e8d84b7961c36435714cdb16eec31ad08213bc
netty.netty, codec-http/src/main/java/io/netty/handler/codec/http/HttpContentCompressor.java, 144, a4d8f930af1f17a6c48a9abd94f49e5fd719fc31, e85d43739819e6408c3a4a4e2f9e71bcf6905a2e
netty.netty, codec-http/src/main/java/io/netty/handler/codec/http/HttpContentCompressor.java, 144, a4d8f930af1f17a6c48a9abd94f49e5fd719fc31, e85d43739819e6408c3a4a4e2f9e71bcf6905a2e
netty.netty, codec/src/main/java/io/netty/handler/codec/CharSequenceValueConverter.java, 85, a4d8f930af1f17a6c48a9abd94f49e5fd719fc31, e85d43739819e6408c3a4a4e2f9e71bcf6905a2e
netty.netty, codec/src/main/java/io/netty/handler/codec/CharSequenceValueConverter.java, 85, a4d8f930af1f17a6c48a9abd94f49e5fd719fc31, e85d43739819e6408c3a4a4e2f9e71bcf6905a2e
netty.netty, codec/src/main/java/io/netty/handler/codec/CharSequenceValueConverter.java, 103, a4d8f930af1f17a6c48a9abd94f49e5fd719fc31, e85d43739819e6408c3a4a4e2f9e71bcf6905a2e
netty.netty, codec/src/main/java/io/netty/handler/codec/CharSequenceValueConverter.java, 103, a4d8f930af1f17a6c48a9abd94f49e5fd719fc31, e85d43739819e6408c3a4a4e2f9e71bcf6905a2e
netty.netty, codec/src/main/java/io/netty/handler/codec/CharSequenceValueConverter.java, 142, a4d8f930af1f17a6c48a9abd94f49e5fd719fc31, e85d43739819e6408c3a4a4e2f9e71bcf6905a2e
netty.netty, codec/src/main/java/io/netty/handler/codec/CharSequenceValueConverter.java, 142, a4d8f930af1f17a6c48a9abd94f49e5fd719fc31, e85d43739819e6408c3a4a4e2f9e71bcf6905a2e
netty.netty, codec/src/main/java/io/netty/handler/codec/CharSequenceValueConverter.java, 150, a4d8f930af1f17a6c48a9abd94f49e5fd719fc31, e85d43739819e6408c3a4a4e2f9e71bcf6905a2e
netty.netty, codec/src/main/java/io/netty/handler/codec/CharSequenceValueConverter.java, 150, a4d8f930af1f17a6c48a9abd94f49e5fd719fc31, e85d43739819e6408c3a4a4e2f9e71bcf6905a2e
netty.netty, common/src/main/java/io/netty/util/concurrent/DefaultPromise.java, 57, b0a5d4c266ed4117282decf06dc5053190423230, be3e6972a18e9a673ef54a63cd2fb16b20ee936e
netty.netty, handler/src/main/java/io/netty/handler/ssl/OpenSslContext.java, 550, fe569ea7a31f2a85393eea1bb4fd0b648a0d5a97, 9bfeab2c8a802b24e867c8f1ba424969ce206903
netty.netty, codec-http/src/test/java/io/netty/handler/codec/http/HttpRequestDecoderTest.java, 89, 4652223dec1e4cd9f9a2978e4a0e6d4086c3b24a, 6e919f70f8b55ae52f74b0992a7ecb89b5e91cf1
netty.netty, codec-http/src/test/java/io/netty/handler/codec/http/HttpRequestDecoderTest.java, 89, 4652223dec1e4cd9f9a2978e4a0e6d4086c3b24a, 6e919f70f8b55ae52f74b0992a7ecb89b5e91cf1
netty.netty, codec-http2/src/main/java/io/netty/handler/codec/http2/InboundHttpToHttp2Adapter.java, 38, 61cfdd767197dafcc4f201c5ec7577601b20ce25, e24a5d8839f97677341cc20d370b0b45be9b94e1
netty.netty, codec-http2/src/main/java/io/netty/handler/codec/http2/InboundHttpToHttp2Adapter.java, 38, 61cfdd767197dafcc4f201c5ec7577601b20ce25, e24a5d8839f97677341cc20d370b0b45be9b94e1
netty.netty, transport-native-epoll/src/main/java/io/netty/channel/epoll/EpollChannelOption.java, 38, 2c390ae66b42fc7f28e3aa3b5f6eebdd1fd1cbfc, 3d115349b51f86d7bd3506b0c079f8efe903a820
netty.netty, codec-http2/src/main/java/io/netty/handler/codec/http2/DefaultHttp2HeadersDecoder.java, 36, 4b5b23080231275733361d2dda966fce760cc295, 9aac6dac2e934c7fdcca234607afbd2595b4aebe
netty.netty, buffer/src/main/java/io/netty/buffer/UnsafeByteBufUtil.java, 254, 19907030d105079fee4fe6db70431f7f6b928149, 75a2ddd61c3df0b7a1e6db1cc5c588177b24c3cf
netty.netty, buffer/src/main/java/io/netty/buffer/UnsafeByteBufUtil.java, 254, 19907030d105079fee4fe6db70431f7f6b928149, 75a2ddd61c3df0b7a1e6db1cc5c588177b24c3cf
netty.netty, handler/src/test/java/io/netty/handler/ssl/SSLEngineTest.java, 400, d4a16659412af852dd849b0e87b46779d9541fa0, a6fd8a96bf54fb369927c0375f90502c2ac3d41e
netty.netty, resolver-dns/src/test/java/io/netty/resolver/dns/DnsNameResolverTest.java, 502, 9e76b5319ef9790d8bce27eacbc2aff4ba312cac, 1848e73ce6ce563af315b6a51b60e2cd1a164fbe
netty.netty, resolver-dns/src/test/java/io/netty/resolver/dns/DnsNameResolverTest.java, 502, 9e76b5319ef9790d8bce27eacbc2aff4ba312cac, 1848e73ce6ce563af315b6a51b60e2cd1a164fbe
netty.netty, codec-http/src/main/java/io/netty/handler/codec/http/multipart/InternalAttribute.java, 82, 9ae155d25701591697dfe8b47d4b4b592807531f, 6fe0db4001ebb9801705f6f3ca8911ff5fd5fe1e
netty.netty, codec-http/src/main/java/io/netty/handler/codec/http/multipart/InternalAttribute.java, 85, 9ae155d25701591697dfe8b47d4b4b592807531f, 6fe0db4001ebb9801705f6f3ca8911ff5fd5fe1e
netty.netty, transport-sctp/src/main/java/io/netty/channel/sctp/SctpMessage.java, 163, 9e1e4f79c76f39c8d6efccbf8351e7d13ced8007, bf2a99518c3ebc484464fc35279452ddd24c0ea9
netty.netty, transport-sctp/src/main/java/io/netty/channel/sctp/SctpMessage.java, 163, 9e1e4f79c76f39c8d6efccbf8351e7d13ced8007, bf2a99518c3ebc484464fc35279452ddd24c0ea9
netty.netty, codec-http/src/main/java/io/netty/handler/codec/http/HttpContentDecoder.java, 104, b5d90388eaf3725757bc0c5dd7a0fa86ec0683ef, 72accceeacf15d13358d5c46d5c414fc49f6c38d
netty.netty, codec-http/src/main/java/io/netty/handler/codec/http/HttpContentDecoder.java, 104, b5d90388eaf3725757bc0c5dd7a0fa86ec0683ef, 72accceeacf15d13358d5c46d5c414fc49f6c38d
netty.netty, resolver-dns/src/main/java/io/netty/resolver/dns/DnsNameResolverContext.java, 136, 07d861c5ffbbbfde18ebfef12e3d57ba4dc2be42, d0f3cd383d2bdda3b55c3f071fa5622f65928f73
netty.netty, transport/src/main/java/io/netty/channel/AbstractChannel.java, 58, 0740f703c1cdde0f7d6147c4131814825b83bc72, 99b11c95b4d9efc180fe2d6f35436a7d49b54106
netty.netty, common/src/main/java/io/netty/util/internal/MpscLinkedQueue.java, 187, eb1c97b3b99bca59971809260ad2977d5e5c886b, e7f2abbd3642e665c25939b3b60fd454bc107477
netty.netty, common/src/main/java/io/netty/util/internal/MpscLinkedQueue.java, 187, eb1c97b3b99bca59971809260ad2977d5e5c886b, e7f2abbd3642e665c25939b3b60fd454bc107477
netty.netty, transport/src/main/java/io/netty/channel/pool/FixedChannelPool.java, 267, 4a0d68c50bc8ef11d94538567ce3c8f7deb5d4ab, 09d826ed46cba3876d4e35231038c0c9d4e301da
netty.netty, handler/src/main/java/io/netty/handler/ssl/OpenSslClientContext.java, 188, d1b7f990f22e1792f514d0ed752bec461272e6b6, b169a76d462f346900c8d87f0ff5a65ce2d0bf5d
netty.netty, transport/src/main/java/io/netty/channel/DefaultChannelId.java, 283, bb5f9fe078e7d586d04d5858792f10e2fdc20ec3, a2cd01b32bffb6fe33d34362670c8bdc4ff9974b
netty.netty, codec-dns/src/test/java/io/netty/handler/codec/dns/DnsQueryTest.java, 38, 9d70cf33c2ccea42d0fe651be61b2e0a6579fcb1, abaaa75ddcd2a99fd05ffb70af52437a7d8a47af
netty.netty, codec-dns/src/test/java/io/netty/handler/codec/dns/DnsQueryTest.java, 41, 9d70cf33c2ccea42d0fe651be61b2e0a6579fcb1, abaaa75ddcd2a99fd05ffb70af52437a7d8a47af
netty.netty, codec-dns/src/test/java/io/netty/handler/codec/dns/DnsQueryTest.java, 44, 9d70cf33c2ccea42d0fe651be61b2e0a6579fcb1, abaaa75ddcd2a99fd05ffb70af52437a7d8a47af
netty.netty, codec-dns/src/test/java/io/netty/handler/codec/dns/DnsQueryTest.java, 47, 9d70cf33c2ccea42d0fe651be61b2e0a6579fcb1, abaaa75ddcd2a99fd05ffb70af52437a7d8a47af
netty.netty, codec-dns/src/test/java/io/netty/handler/codec/dns/DnsQueryTest.java, 50, 9d70cf33c2ccea42d0fe651be61b2e0a6579fcb1, abaaa75ddcd2a99fd05ffb70af52437a7d8a47af
netty.netty, microbench/src/main/java/io/netty/microbench/http2/Http2PriorityTreeBenchmark.java, 56, b426fb1618757e3e8d700f90cf5b5e1c55bc9f2a, ee9233d8fa99e53408cba61d97d9707881fda1e0
netty.netty, handler/src/main/java/io/netty/handler/ssl/SslContextBuilder.java, 34, f467d695be2ae4ee7d5c2978191e1415aef37a9e, 8b1f247a1af6a17757c491922675f0ed9dd2a8e1
netty.netty, handler/src/main/java/io/netty/handler/ssl/SslContextBuilder.java, 44, f467d695be2ae4ee7d5c2978191e1415aef37a9e, 8b1f247a1af6a17757c491922675f0ed9dd2a8e1
netty.netty, handler/src/main/java/io/netty/handler/ssl/SslContextBuilder.java, 57, f467d695be2ae4ee7d5c2978191e1415aef37a9e, 8b1f247a1af6a17757c491922675f0ed9dd2a8e1
netty.netty, codec/src/main/java/io/netty/handler/codec/ReplayingDecoder.java, 272, aa1e537de40c7ecea3516a40e52f1101c0f88908, d8e5d421e13e05edfea9894aa4f226f8e1b03692
netty.netty, codec-http2/src/main/java/io/netty/handler/codec/http2/DefaultHttp2Connection.java, 468, 3ae343b768bae5973a5634c8e287ae1173e30248, 86edc88448ce0f27304f33b788afa1d003edb284
netty.netty, codec-http2/src/main/java/io/netty/handler/codec/http2/DefaultHttp2Connection.java, 468, 3ae343b768bae5973a5634c8e287ae1173e30248, 86edc88448ce0f27304f33b788afa1d003edb284
netty.netty, codec-http2/src/main/java/io/netty/handler/codec/http2/DefaultHttp2Connection.java, 490, 3ae343b768bae5973a5634c8e287ae1173e30248, 86edc88448ce0f27304f33b788afa1d003edb284
netty.netty, codec-http2/src/main/java/io/netty/handler/codec/http2/DefaultHttp2Connection.java, 490, 3ae343b768bae5973a5634c8e287ae1173e30248, 86edc88448ce0f27304f33b788afa1d003edb284
netty.netty, transport/src/main/java/io/netty/channel/socket/nio/NioSocketChannel.java, 335, 068132f1eabefb1760fec5b53997cd6143995a29, 1a83232ab207eac0b904e30f4d7374f8abe13b1a
netty.netty, codec-http/src/test/java/io/netty/handler/codec/http/ServerCookieEncoderTest.java, 50, 3c6cbd40e297b397abe6d942b3c7d8f31062e348, 200c6efc750615bc9610c88d16aee6ac9f44ba9c
netty.netty, transport/src/test/java/io/netty/channel/ChannelOutboundBufferTest.java, 212, 9826d9bc1ad80bdfb4ebc22060fad3d3b4a92e9c, a653a8ecf44adb06ec899c5648ead7b01cdc8c42
netty.netty, transport/src/test/java/io/netty/channel/ChannelOutboundBufferTest.java, 244, 9826d9bc1ad80bdfb4ebc22060fad3d3b4a92e9c, a653a8ecf44adb06ec899c5648ead7b01cdc8c42
netty.netty, transport/src/test/java/io/netty/channel/ChannelOutboundBufferTest.java, 276, 9826d9bc1ad80bdfb4ebc22060fad3d3b4a92e9c, a653a8ecf44adb06ec899c5648ead7b01cdc8c42
netty.netty, transport/src/test/java/io/netty/channel/ChannelOutboundBufferTest.java, 312, 9826d9bc1ad80bdfb4ebc22060fad3d3b4a92e9c, a653a8ecf44adb06ec899c5648ead7b01cdc8c42
netty.netty, example/src/main/java/io/netty/example/http/websocketx/server/WebSocketServerHandler.java, 96, a7a654c82f3eb1374001032a44b08b6b105b4992, d59629377c747758c96cf2a02c74a4d5f4b33fc2
netty.netty, codec/src/main/java/io/netty/handler/codec/compression/LzmaFrameEncoder.java, 147, 8988b3f4c0ab891f31679d97d48dd376b4bd2fee, f76a6f40d40d581d615252a9a115ad7be5be4aad
netty.netty, codec/src/main/java/io/netty/handler/codec/compression/LzmaFrameEncoder.java, 147, 8988b3f4c0ab891f31679d97d48dd376b4bd2fee, f76a6f40d40d581d615252a9a115ad7be5be4aad
netty.netty, codec-http/src/main/java/io/netty/handler/codec/http/HttpContentDecoder.java, 209, 003f97168c87fc350b6ea63405dbe98885a102bc, 3cf65e3987785150d20e061049f7625cbcdd016d
netty.netty, codec-http/src/main/java/io/netty/handler/codec/http/HttpContentDecoder.java, 209, 003f97168c87fc350b6ea63405dbe98885a102bc, 3cf65e3987785150d20e061049f7625cbcdd016d
netty.netty, codec-dns/src/main/java/io/netty/handler/codec/dns/DnsResource.java, 73, e09d2f32fb1c7f2ab8d1e41fdb72e00adb7032ff, f88cd62354464a3445c68976d6f3a535d775180a
netty.netty, buffer/src/main/java/io/netty/buffer/PoolChunk.java, 394, dbc011c3f40c093057dfb9fd1cedf4bc783bd250, 69a6ad940a88005f83dfff86f0b1eea6d567a190
netty.netty, common/src/main/java/io/netty/util/ThreadDeathWatcher.java, 79, 4d60ea2aeb1071bebcd6471b550e6648a9fe05a1, 066f95d0472b9535f398019eb1012f4641dcf65e
netty.netty, codec-socks/src/main/java/io/netty/handler/codec/socks/SocksCmdRequest.java, 66, 01ef614e77ec45d2b1abbe97e28d3fb6fe11bd13, e8b5f19b82eb116abb4e53a9fb1fa716e7623742
netty.netty, transport-native-epoll/src/main/java/io/netty/channel/epoll/EpollServerSocketChannel.java, 126, 8c68c5a3ae4d3d907528b64ec4b3daa5512d4be6, b32316b33cad851a8e22b5bd4cbe1de2485f1416
netty.netty, transport-native-epoll/src/main/java/io/netty/channel/epoll/EpollSocketChannel.java, 651, 8c68c5a3ae4d3d907528b64ec4b3daa5512d4be6, b32316b33cad851a8e22b5bd4cbe1de2485f1416
netty.netty, transport/src/main/java/io/netty/channel/nio/AbstractNioByteChannel.java, 155, 8c68c5a3ae4d3d907528b64ec4b3daa5512d4be6, b32316b33cad851a8e22b5bd4cbe1de2485f1416
netty.netty, transport/src/main/java/io/netty/channel/nio/AbstractNioMessageChannel.java, 115, 8c68c5a3ae4d3d907528b64ec4b3daa5512d4be6, b32316b33cad851a8e22b5bd4cbe1de2485f1416
netty.netty, common/src/main/java/io/netty/util/concurrent/DefaultPromise.java, 464, 0e71da3082d51b0099bd6e7e22369dd7d7615b98, 7e0e4c63258b3af6155dfe463d6ea4741ac48dc9
netty.netty, common/src/main/java/io/netty/util/concurrent/DefaultPromise.java, 471, 0e71da3082d51b0099bd6e7e22369dd7d7615b98, 7e0e4c63258b3af6155dfe463d6ea4741ac48dc9
netty.netty, transport/src/main/java/io/netty/channel/nio/AbstractNioChannel.java, 240, 54d3c99469b923b409ce1a52b6d1181984470b11, b5a587fadfd0821088d37d9d23388c343d73eb45
netty.netty, transport/src/main/java/io/netty/channel/nio/AbstractNioChannel.java, 240, 54d3c99469b923b409ce1a52b6d1181984470b11, b5a587fadfd0821088d37d9d23388c343d73eb45
netty.netty, common/src/main/java/io/netty/util/internal/JavassistTypeParameterMatcherGenerator.java, 41, 0d1567da0b7e884712265b38780704b026e8edc4, 51ca4f3e91599d6879f14608c83f02a079ea9dac
netty.netty, common/src/main/java/io/netty/util/internal/JavassistTypeParameterMatcherGenerator.java, 45, 0d1567da0b7e884712265b38780704b026e8edc4, 51ca4f3e91599d6879f14608c83f02a079ea9dac
netty.netty, codec-http/src/main/java/io/netty/handler/codec/http/websocketx/WebSocketClientHandshaker.java, 43, 926479e9046655b04ca5b9204a84b575ae4aa3f7, 4ce49a6195ea872569d316798d71bdde11810ab6
netty.netty, codec-http/src/main/java/io/netty/handler/codec/http/websocketx/WebSocketClientHandshaker.java, 47, 926479e9046655b04ca5b9204a84b575ae4aa3f7, 4ce49a6195ea872569d316798d71bdde11810ab6
netty.netty, handler/src/main/java/io/netty/handler/stream/ChunkedWriteHandler.java, 354, c5f6760c6804b5f0dfbec1ddd2953b3c58db58ce, d7f9b1ee76320dd9fc1e9992b4b75773718614bb
netty.netty, handler/src/main/java/io/netty/handler/stream/ChunkedWriteHandler.java, 354, c5f6760c6804b5f0dfbec1ddd2953b3c58db58ce, d7f9b1ee76320dd9fc1e9992b4b75773718614bb
netty.netty, codec/src/main/java/io/netty/handler/codec/compression/ZlibCodecFactory.java, 32, 6a4131c10feaf0ce445f9d7092b30144d473cead, 32deb2c22b56b4d775d185c8605084b33386bcf7
netty.netty, transport/src/main/java/io/netty/bootstrap/AbstractBootstrap.java, 35, 7aefd0cbdbc01aa344c5b2f3261734c4a2afe313, 8142aae765b74ba7934b363b562a5ffe4a01a12c
netty.netty, handler/src/main/java/io/netty/handler/stream/ChunkedWriteHandler.java, 353, 4f6ba4fe3dd1ab5443020923d14c5e4c379e56ec, 762adfcb69266a7ba1786a966fe371d69a1043fd
netty.netty, handler/src/main/java/io/netty/handler/stream/ChunkedWriteHandler.java, 353, 4f6ba4fe3dd1ab5443020923d14c5e4c379e56ec, 762adfcb69266a7ba1786a966fe371d69a1043fd
netty.netty, transport/src/main/java/io/netty/channel/nio/NioEventLoop.java, 532, e10e9d38c4ec9ed081da916b924b43a6381fb93d, 85a2ba37529bbd0f11443390af2544a1ee9a1742
netty.netty, transport/src/main/java/io/netty/channel/nio/NioEventLoop.java, 532, e10e9d38c4ec9ed081da916b924b43a6381fb93d, 85a2ba37529bbd0f11443390af2544a1ee9a1742
netty.netty, example/src/main/java/io/netty/example/securechat/SecureChatServerHandler.java, 50, 1d577b1b8bd3f51bcf8d9d89bb4598a28020af07, d23c3b3382ff6b2dc7625cb0a0cd31d767efafc5
netty.netty, example/src/main/java/io/netty/example/securechat/SecureChatServerHandler.java, 50, 1d577b1b8bd3f51bcf8d9d89bb4598a28020af07, d23c3b3382ff6b2dc7625cb0a0cd31d767efafc5
netty.netty, example/src/main/java/io/netty/example/securechat/SecureChatServerHandler.java, 53, 1d577b1b8bd3f51bcf8d9d89bb4598a28020af07, d23c3b3382ff6b2dc7625cb0a0cd31d767efafc5
netty.netty, example/src/main/java/io/netty/example/securechat/SecureChatServerHandler.java, 53, 1d577b1b8bd3f51bcf8d9d89bb4598a28020af07, d23c3b3382ff6b2dc7625cb0a0cd31d767efafc5
netty.netty, example/src/main/java/io/netty/example/securechat/SecureChatServerHandler.java, 68, 1d577b1b8bd3f51bcf8d9d89bb4598a28020af07, d23c3b3382ff6b2dc7625cb0a0cd31d767efafc5
netty.netty, example/src/main/java/io/netty/example/securechat/SecureChatServerHandler.java, 68, 1d577b1b8bd3f51bcf8d9d89bb4598a28020af07, d23c3b3382ff6b2dc7625cb0a0cd31d767efafc5
netty.netty, example/src/main/java/io/netty/example/securechat/SecureChatServerHandler.java, 71, 1d577b1b8bd3f51bcf8d9d89bb4598a28020af07, d23c3b3382ff6b2dc7625cb0a0cd31d767efafc5
netty.netty, example/src/main/java/io/netty/example/securechat/SecureChatServerHandler.java, 71, 1d577b1b8bd3f51bcf8d9d89bb4598a28020af07, d23c3b3382ff6b2dc7625cb0a0cd31d767efafc5
netty.netty, codec-http/src/main/java/io/netty/handler/codec/http/multipart/AbstractMemoryHttpData.java, 106, cad7c1f1b0e23a4a1320d967b17aafcaa0119ace, 1fee1ef74ed8ac515c19a7f8eebd16f41a37b7b6
netty.netty, codec-http/src/main/java/io/netty/handler/codec/http/multipart/AbstractMemoryHttpData.java, 145, cad7c1f1b0e23a4a1320d967b17aafcaa0119ace, 1fee1ef74ed8ac515c19a7f8eebd16f41a37b7b6
netty.netty, transport/src/main/java/io/netty/channel/MessageList.java, 271, 26b56d3addb34b409bf10b819a1e70ea2ad46b71, 720de2e6ccd9bac41ffe24612d979a38a28fb616
netty.netty, transport/src/main/java/io/netty/channel/MessageList.java, 287, 26b56d3addb34b409bf10b819a1e70ea2ad46b71, 720de2e6ccd9bac41ffe24612d979a38a28fb616
netty.netty, example/src/main/java/io/netty/example/telnet/TelnetServer.java, 41, c7c9e743ce8d08fecccea11372c976e63b2f2955, bc483724f42215c4ba53590540d83b57bfdf2099
netty.netty, transport/src/main/java/io/netty/channel/DefaultFileRegion.java, 52, 6c5c119f8cb1c5795b43ab73ccc54ad7ad5b37a3, dc6e2cd62537ce1b60ccf9e7ad09efb04f155d40
netty.netty, transport/src/main/java/io/netty/channel/RecvByteBufAllocator.java, 33, 8edee3272a086a57c9ae2cdba7eba5bea436c64f, dc070a00b228a5a4356db0a79430a5cb035d6012
netty.netty, handler/src/main/java/io/netty/handler/ssl/SslHandler.java, 270, d9c700e9fed0ea964eeabc46809aeb76425c2a5f, aa96b4b2866bfd9faaa9f6e11c2750a4b1d2d606
netty.netty, codec-http/src/main/java/io/netty/handler/codec/http/multipart/HttpPostRequestDecoder.java, 791, 6c0b2be41234c6593d1ca8283f1a766ecc861026, c07234ed7253bcc70e56db5c74cf34a649fa4568
netty.netty, common/src/main/java/io/netty/util/NetUtil.java, 123, be1426a22096f6e95d36f389a5ea9b8a38482ebe, d292fdafddafb749f5b5f077f5cfb00d14ae536a
netty.netty, common/src/main/java/io/netty/util/NetUtil.java, 123, be1426a22096f6e95d36f389a5ea9b8a38482ebe, d292fdafddafb749f5b5f077f5cfb00d14ae536a
netty.netty, transport/src/main/java/io/netty/channel/AbstractChannel.java, 701, 8632d9011e03ed1280ca20defeb4711aa327bc28, d299eeb48576639ef8916fd78a7503fb453fcd79
netty.netty, common/src/main/java/io/netty/util/concurrent/SingleThreadEventExecutor.java, 285, d19b575c312ff9db4ec0b53de2f588032f1cee58, 9feb27d58c0434afc03f3de59ff8dd8beb324a69
netty.netty, codec-http/src/test/java/io/netty/handler/codec/http/HttpInvalidMessageTest.java, 40, 6e0e38f09f74fb633a33cfd5c59265518bcf85be, e1dd149ca6b686fbed3abc3054e87244505139d0
netty.netty, codec-http/src/test/java/io/netty/handler/codec/http/HttpInvalidMessageTest.java, 40, 6e0e38f09f74fb633a33cfd5c59265518bcf85be, e1dd149ca6b686fbed3abc3054e87244505139d0
netty.netty, codec-http/src/test/java/io/netty/handler/codec/http/HttpInvalidMessageTest.java, 67, 6e0e38f09f74fb633a33cfd5c59265518bcf85be, e1dd149ca6b686fbed3abc3054e87244505139d0
netty.netty, codec-http/src/test/java/io/netty/handler/codec/http/HttpInvalidMessageTest.java, 67, 6e0e38f09f74fb633a33cfd5c59265518bcf85be, e1dd149ca6b686fbed3abc3054e87244505139d0
netty.netty, codec-http/src/test/java/io/netty/handler/codec/http/HttpInvalidMessageTest.java, 100, 6e0e38f09f74fb633a33cfd5c59265518bcf85be, e1dd149ca6b686fbed3abc3054e87244505139d0
netty.netty, codec-http/src/test/java/io/netty/handler/codec/http/HttpInvalidMessageTest.java, 100, 6e0e38f09f74fb633a33cfd5c59265518bcf85be, e1dd149ca6b686fbed3abc3054e87244505139d0
netty.netty, transport/src/main/java/io/netty/channel/DefaultChannelHandlerContext.java, 838, 9599bfd5699ae2d525a016592eb5de3f7dd681b9, 526dafca7505904f26460a46cbe0283e161a1e9a
netty.netty, transport/src/main/java/io/netty/channel/DefaultChannelHandlerContext.java, 1318, 60ee9460a931ceecf9fee8412d2b1955607c5838, ee58de0698bde35363368fba267d95ace35e150e
netty.netty, transport/src/main/java/io/netty/channel/DefaultChannelHandlerContext.java, 1298, 4eff91df99a5ab0f443a7beab2cf4b2f0e25d6ff, 537057340067de07d445513cacb45613b414eef6
netty.netty, transport/src/main/java/io/netty/channel/DefaultChannelHandlerContext.java, 1298, 4eff91df99a5ab0f443a7beab2cf4b2f0e25d6ff, 537057340067de07d445513cacb45613b414eef6
netty.netty, transport/src/main/java/io/netty/channel/DefaultChannelHandlerContext.java, 1298, e2c948782b942d79911cec09c8862de0948b31e4, 6fe6456f8d7520bf2818e3048514aad6accdd50b
netty.netty, transport/src/main/java/io/netty/channel/DefaultChannelHandlerContext.java, 1298, e2c948782b942d79911cec09c8862de0948b31e4, 6fe6456f8d7520bf2818e3048514aad6accdd50b
netty.netty, transport/src/main/java/io/netty/channel/nio/NioEventLoop.java, 298, a4c66dc2824221d05e1fcfd54e4f1f4e2c125c40, 801f563e80fa53e5db8a0a250571f1a0a3dd0d3a
netty.netty, transport/src/main/java/io/netty/channel/nio/NioEventLoop.java, 298, a4c66dc2824221d05e1fcfd54e4f1f4e2c125c40, 801f563e80fa53e5db8a0a250571f1a0a3dd0d3a
netty.netty, transport/src/main/java/io/netty/channel/nio/NioEventLoop.java, 301, a4c66dc2824221d05e1fcfd54e4f1f4e2c125c40, 801f563e80fa53e5db8a0a250571f1a0a3dd0d3a
netty.netty, transport/src/main/java/io/netty/channel/nio/NioEventLoop.java, 301, a4c66dc2824221d05e1fcfd54e4f1f4e2c125c40, 801f563e80fa53e5db8a0a250571f1a0a3dd0d3a
netty.netty, transport-sctp/src/main/java/io/netty/handler/codec/sctp/SctpInboundByteStreamHandler.java, 42, d385cba41cd74f528443dd1425728d21ec151998, 76eb40a4d2c8a651e6b58cdebd3773f84e79b754
netty.netty, transport/src/main/java/io/netty/channel/ChannelInboundMessageHandlerAdapter.java, 85, 30e80f8c5c7f0bb692dfd8efeadb24d1cf840be6, ec51b359c9d1ca36873b2de5251a7fbd8b4177f3
netty.netty, transport/src/main/java/io/netty/channel/ChannelInboundMessageHandlerAdapter.java, 85, 30e80f8c5c7f0bb692dfd8efeadb24d1cf840be6, ec51b359c9d1ca36873b2de5251a7fbd8b4177f3
netty.netty, transport/src/test/java/io/netty/channel/SingleThreadEventLoopTest.java, 140, 2e44a1ba91557d4d6231bd46c63697776208bc9e, 5b81e1692dce59992c13c2ab8774ece1a8c48e52
netty.netty, transport/src/test/java/io/netty/channel/SingleThreadEventLoopTest.java, 179, 2e44a1ba91557d4d6231bd46c63697776208bc9e, 5b81e1692dce59992c13c2ab8774ece1a8c48e52
netty.netty, transport/src/main/java/io/netty/bootstrap/ServerBootstrap.java, 46, eeab6767db852d251bb86a7f4363fb31c9f07d03, 82f876f7db96810e16648ca3afd3eaad4a0298ad
netty.netty, transport/src/main/java/io/netty/bootstrap/ServerBootstrap.java, 46, 33c9f3f1e5a6dd0e1f685b0ea168e90dec6ef3ec, 05d16cd361c37de21426e6af053d1bc8a10054af
netty.netty, codec-http/src/main/java/io/netty/handler/codec/http/multipart/HttpPostRequestDecoder.java, 1189, c5ccaee5065a52110a4124505002d6afeb7c13ca, a54217053f54e06a6f2f8f89709b1568e5d00827
netty.netty, codec-http/src/main/java/io/netty/handler/codec/http/multipart/HttpPostRequestDecoder.java, 1195, c5ccaee5065a52110a4124505002d6afeb7c13ca, a54217053f54e06a6f2f8f89709b1568e5d00827
netty.netty, codec-http/src/main/java/io/netty/handler/codec/http/multipart/HttpPostRequestDecoder.java, 1198, c5ccaee5065a52110a4124505002d6afeb7c13ca, a54217053f54e06a6f2f8f89709b1568e5d00827
netty.netty, codec-http/src/main/java/io/netty/handler/codec/http/multipart/HttpPostRequestDecoder.java, 1228, c5ccaee5065a52110a4124505002d6afeb7c13ca, a54217053f54e06a6f2f8f89709b1568e5d00827
netty.netty, codec-http/src/main/java/io/netty/handler/codec/http/multipart/HttpPostRequestDecoder.java, 1236, c5ccaee5065a52110a4124505002d6afeb7c13ca, a54217053f54e06a6f2f8f89709b1568e5d00827
netty.netty, codec-http/src/main/java/io/netty/handler/codec/http/multipart/HttpPostRequestDecoder.java, 1243, c5ccaee5065a52110a4124505002d6afeb7c13ca, a54217053f54e06a6f2f8f89709b1568e5d00827
netty.netty, transport/src/main/java/io/netty/channel/socket/nio/NioDatagramChannel.java, 203, 76d7829d38803f607329a987b6c8d31a7a528338, 1295f6d3315c3d3d4152575ec9325b6d73ba0913
netty.netty, transport/src/main/java/io/netty/channel/socket/nio/NioDatagramChannel.java, 203, 76d7829d38803f607329a987b6c8d31a7a528338, 1295f6d3315c3d3d4152575ec9325b6d73ba0913
netty.netty, transport-rxtx/src/main/java/io/netty/channel/rxtx/RxtxChannelOption.java, 23, 737a3508546a125e900be9d1bb123952c0a81f20, 4472fe9795357d2f623df503c45a8005cb20a3d5
netty.netty, transport-udt/src/main/java/io/netty/channel/udt/UdtChannelOption.java, 21, 737a3508546a125e900be9d1bb123952c0a81f20, 4472fe9795357d2f623df503c45a8005cb20a3d5
netty.netty, codec-http/src/main/java/io/netty/handler/codec/http/websocketx/WebSocketClientHandshaker08.java, 204, 312810d415da381fc6cd53358a4e986e7bdc4f63, e5a8958ed6b4e33ef554ce6627e3e1cb5aeba4bd
netty.netty, codec-http/src/main/java/io/netty/handler/codec/http/websocketx/WebSocketClientHandshaker08.java, 210, 312810d415da381fc6cd53358a4e986e7bdc4f63, e5a8958ed6b4e33ef554ce6627e3e1cb5aeba4bd
netty.netty, codec-http/src/main/java/io/netty/handler/codec/http/websocketx/WebSocketClientHandshaker13.java, 203, 312810d415da381fc6cd53358a4e986e7bdc4f63, e5a8958ed6b4e33ef554ce6627e3e1cb5aeba4bd
netty.netty, codec-http/src/main/java/io/netty/handler/codec/http/websocketx/WebSocketClientHandshaker13.java, 209, 312810d415da381fc6cd53358a4e986e7bdc4f63, e5a8958ed6b4e33ef554ce6627e3e1cb5aeba4bd
netty.netty, codec-http/src/main/java/io/netty/handler/codec/spdy/SpdySessionStatus.java, 40, 97d07253e2933dbca0d08cd19072503506bda863, a0da613e86e2fc2fa2a8bf1179d4492bc9cad7d9
netty.netty, codec-http/src/main/java/io/netty/handler/codec/spdy/SpdySessionStatus.java, 53, 97d07253e2933dbca0d08cd19072503506bda863, a0da613e86e2fc2fa2a8bf1179d4492bc9cad7d9
netty.netty, codec-http/src/main/java/io/netty/handler/codec/http/websocketx/WebSocketClientHandshaker00.java, 231, d28eca7138217389631a406f7cb116f34a8f2814, 46d713970b624b01a4f4d4cfbbc8523e57e16c14
netty.netty, codec-http/src/main/java/io/netty/handler/codec/http/websocketx/WebSocketClientHandshaker00.java, 237, d28eca7138217389631a406f7cb116f34a8f2814, 46d713970b624b01a4f4d4cfbbc8523e57e16c14
netty.netty, testsuite/src/test/java/io/netty/testsuite/util/TestUtils.java, 90, f1e382c89dbbc36ae1b116052b1ed8f780c0178c, d78f5a4f766018def64ee01e9ebe610bddb1d12a
netty.netty, transport/src/main/java/com/sun/nio/sctp/SctpServerChannel.java, 39, d49d02ffe490f956126db37a1abf6f82858aeff5, a156f67804f5a55cc1673ed298cec4f8defd534c
netty.netty, transport/src/test/java/io/netty/channel/local/LocalTransportThreadModelTest.java, 207, ebf33c6e3b3ec94965c07defe2e79f7edec7f64d, 7b213d2c93eced9653915fe682685df0cf88457e
netty.netty, codec-http/src/main/java/io/netty/handler/codec/http/websocketx/WebSocket08FrameEncoder.java, 169, 7b511d8200aae05bef86085f9b101d37b9fce4ef, b5412c956359200f66076c4f99da163fb1df6ed5
netty.netty, codec-http/src/main/java/io/netty/handler/codec/http/websocketx/WebSocket08FrameEncoder.java, 169, 7b511d8200aae05bef86085f9b101d37b9fce4ef, b5412c956359200f66076c4f99da163fb1df6ed5
netty.netty, codec-http/src/main/java/io/netty/handler/codec/http/websocketx/WebSocket08FrameEncoder.java, 169, e36c4c77bfbbf18ce8e46fa8efe2a809df891345, 56a72c645695d50b2fedd5788a1d8ff2d81f5ef2
netty.netty, codec-http/src/main/java/io/netty/handler/codec/http/websocketx/WebSocket08FrameEncoder.java, 169, e36c4c77bfbbf18ce8e46fa8efe2a809df891345, 56a72c645695d50b2fedd5788a1d8ff2d81f5ef2
netty.netty, transport/src/main/java/io/netty/channel/socket/aio/AioEventLoop.java, 62, adb4b87fa8867e9511b47773c165f2b12fdc27ef, a58533fdad00bcffb3e9db41bd6fcd252aff1f61
netty.netty, transport/src/main/java/io/netty/channel/socket/aio/AioSocketChannel.java, 193, e7c6ca945fd2d85b1dd86483d699d7af2399d0fc, c77f107f5f37c40fff3567722c5d656f81b74c72
netty.netty, transport/src/main/java/io/netty/channel/socket/aio/AioSocketChannel.java, 193, e7c6ca945fd2d85b1dd86483d699d7af2399d0fc, c77f107f5f37c40fff3567722c5d656f81b74c72
netty.netty, buffer/src/main/java/io/netty/buffer/CompositeByteBuf.java, 595, dc300f2c812b2231b527c761f4c73d5155137516, 0f6c3137f6b44ca2ca8a1017b6e9ede93c1744a5
netty.netty, buffer/src/main/java/io/netty/buffer/CompositeByteBuf.java, 578, 580c6069fa37c0ad5ee45f04e7be83b2ee70ccbf, 0d8ed47c3e66379f92025f9048bdcd2960c0ef96
netty.netty, buffer/src/main/java/io/netty/buffer/CompositeByteBuf.java, 595, c55e10c12aa851918dd727f12643d1a0d9ab839d, b11d4fa37adc59b409f64242221ad917efe6a1f1
netty.netty, buffer/src/main/java/io/netty/buffer/CompositeByteBuf.java, 578, 49f0e32428aa634c1653a4b358d1e3393097f360, 332a35f9ed00e1d5631085729f30c45c6ea42ea0
netty.netty, handler/src/main/java/io/netty/handler/timeout/ReadTimeoutException.java, 18, b1a156d3f2c86c78f64da0def78727b0952018da, 4831eb49da62df72335a337916eff789ac74c0ab
netty.netty, handler/src/main/java/io/netty/handler/timeout/WriteTimeoutException.java, 18, b1a156d3f2c86c78f64da0def78727b0952018da, 4831eb49da62df72335a337916eff789ac74c0ab
netty.netty, example/src/main/java/io/netty/example/securechat/SecureChatServer.java, 34, fd7767ccda80823c077cdc3701166b319d0bd078, 2aea5291bd0b8df30442105bacf77f5ba41a3500
netty.netty, handler/src/main/java/io/netty/handler/queue/BlockingReadHandler.java, 103, 35ba150db0c8486417f6cd4c757a03293a43677c, 12069d3bf4512db9a87eb10c7bfe0349fbb1c240
netty.netty, codec-http/src/main/java/io/netty/handler/codec/http/DefaultCookie.java, 276, 26307cbc3e1ce776eb2f3ccd40ca216f7edcdbc6, f34fc73e89e88da32c36786c8634afa9dc090207
netty.netty, codec-http/src/main/java/io/netty/handler/codec/http/DefaultCookie.java, 285, 26307cbc3e1ce776eb2f3ccd40ca216f7edcdbc6, f34fc73e89e88da32c36786c8634afa9dc090207
netty.netty, codec-http/src/main/java/io/netty/handler/codec/http/DefaultCookie.java, 301, 26307cbc3e1ce776eb2f3ccd40ca216f7edcdbc6, f34fc73e89e88da32c36786c8634afa9dc090207
netty.netty, codec-http/src/main/java/io/netty/handler/codec/http/DefaultCookie.java, 311, 26307cbc3e1ce776eb2f3ccd40ca216f7edcdbc6, f34fc73e89e88da32c36786c8634afa9dc090207
netty.netty, codec-http/src/main/java/io/netty/handler/codec/http/DefaultCookie.java, 276, e8a74c8ad07bbf497026a6b8bde532cd61f79f17, f34fc73e89e88da32c36786c8634afa9dc090207
netty.netty, codec-http/src/main/java/io/netty/handler/codec/http/DefaultCookie.java, 285, e8a74c8ad07bbf497026a6b8bde532cd61f79f17, f34fc73e89e88da32c36786c8634afa9dc090207
netty.netty, codec-http/src/main/java/io/netty/handler/codec/http/DefaultCookie.java, 301, e8a74c8ad07bbf497026a6b8bde532cd61f79f17, f34fc73e89e88da32c36786c8634afa9dc090207
netty.netty, codec-http/src/main/java/io/netty/handler/codec/http/DefaultCookie.java, 311, e8a74c8ad07bbf497026a6b8bde532cd61f79f17, f34fc73e89e88da32c36786c8634afa9dc090207
netty.netty, common/src/main/java/io/netty/util/internal/DetectionUtil.java, 71, e2a617b07bf5c8f932554cf4e9597532fac66a39, 141a05c8316f68bff6aa7e2b0bbf71443acf7408
netty.netty, transport/src/main/java/io/netty/channel/ChannelBufferHolder.java, 187, 49bda34a5d513797a66ae1cd94d38fba2249f080, 0fd824c3bb2382df4ab9495810bab20150db3960
netty.netty, transport/src/main/java/io/netty/channel/DefaultChannelPipeline.java, 745, 0fd824c3bb2382df4ab9495810bab20150db3960, 633fada6ec37f8e8062c23ad8a632e018208687b
netty.netty, buffer/src/main/java/io/netty/buffer/ByteBufferBackedChannelBuffer.java, 148, c32df371abcbee7ebbb77e6bf6a429d3f3f4134b, 7ac89ace4f51754906cbe37c29b1a871918e80bf
netty.netty, buffer/src/main/java/io/netty/buffer/ByteBufferBackedChannelBuffer.java, 148, c32df371abcbee7ebbb77e6bf6a429d3f3f4134b, 7ac89ace4f51754906cbe37c29b1a871918e80bf
netty.netty, buffer/src/main/java/io/netty/buffer/ByteBufferBackedChannelBuffer.java, 160, c32df371abcbee7ebbb77e6bf6a429d3f3f4134b, 7ac89ace4f51754906cbe37c29b1a871918e80bf
netty.netty, buffer/src/main/java/io/netty/buffer/ByteBufferBackedChannelBuffer.java, 160, c32df371abcbee7ebbb77e6bf6a429d3f3f4134b, 7ac89ace4f51754906cbe37c29b1a871918e80bf
netty.netty, transport/src/main/java/io/netty/channel/DefaultChannelPipeline.java, 146, 957c04e597ba47ce301a5aab98ed57be4a967f95, e16c835780193bde31ca62fd491a4870a03f8d23
netty.netty, transport/src/main/java/io/netty/channel/DefaultChannelPipeline.java, 146, 957c04e597ba47ce301a5aab98ed57be4a967f95, e16c835780193bde31ca62fd491a4870a03f8d23
netty.netty, handler/src/main/java/io/netty/handler/stream/ChunkedWriteHandler.java, 80, 4e528c10fae3abaa932e751c831aa48a23645744, 62f5623d2af2a5bbbfcfc51cbde19929c35de81f
netty.netty, transport-sctp/src/main/java/io/netty/channel/sctp/SctpClientPipelineSink.java, 265, 46125686874f5b69bcdb6f4c9bef3f900a7057c6, 2b9df060dd916abb7774b65ce43e2d60fde0052e
netty.netty, transport-sctp/src/main/java/io/netty/channel/sctp/SctpClientPipelineSink.java, 307, 46125686874f5b69bcdb6f4c9bef3f900a7057c6, 2b9df060dd916abb7774b65ce43e2d60fde0052e
netty.netty, transport/src/main/java/io/netty/channel/socket/nio/NioClientSocketPipelineSink.java, 245, 46125686874f5b69bcdb6f4c9bef3f900a7057c6, 2b9df060dd916abb7774b65ce43e2d60fde0052e
netty.netty, transport/src/main/java/io/netty/channel/socket/nio/NioClientSocketPipelineSink.java, 287, 46125686874f5b69bcdb6f4c9bef3f900a7057c6, 2b9df060dd916abb7774b65ce43e2d60fde0052e
netty.netty, transport-sctp/src/main/java/io/netty/channel/sctp/SctpClientPipelineSink.java, 48, b6700fbe58894c59f1caae1fe97cf962ac066016, 0beaa107b4be5e68928349c4131d01a655003641
netty.netty, transport-sctp/src/main/java/io/netty/channel/sctp/SctpServerPipelineSink.java, 45, b6700fbe58894c59f1caae1fe97cf962ac066016, 0beaa107b4be5e68928349c4131d01a655003641
netty.netty, transport/src/main/java/io/netty/channel/Channels.java, 484, c4a437e16b42e88eb9947c65d3dd2413bd9ef5ac, 04a6ff92afe2c590a465065135798c438d3f5511
netty.netty, transport/src/main/java/io/netty/channel/Channels.java, 484, c4a437e16b42e88eb9947c65d3dd2413bd9ef5ac, 04a6ff92afe2c590a465065135798c438d3f5511
netty.netty, example/src/main/java/io/netty/example/http/snoop/HttpSnoopClient.java, 86, 46363095970e1bd8f6046414fcf15b41a9c25452, 9b563c8a2829a43de19734b92a7eedd764a750d2
netty.netty, example/src/main/java/io/netty/example/http/snoop/HttpSnoopClient.java, 86, 46363095970e1bd8f6046414fcf15b41a9c25452, 9b563c8a2829a43de19734b92a7eedd764a750d2
netty.netty, src/main/java/io/netty/handler/codec/serialization/CompactObjectInputStream.java, 58, f779a4415cedcfa445777b186c8fe1d6341278df, f38bf74f3ecd3c2ba29c39240dce573fa5083429
netty.netty, src/main/java/io/netty/handler/codec/serialization/CompactObjectInputStream.java, 58, f779a4415cedcfa445777b186c8fe1d6341278df, f38bf74f3ecd3c2ba29c39240dce573fa5083429
netty.netty, src/main/java/io/netty/handler/codec/serialization/CompactObjectOutputStream.java, 42, f779a4415cedcfa445777b186c8fe1d6341278df, f38bf74f3ecd3c2ba29c39240dce573fa5083429
netty.netty, src/main/java/org/jboss/netty/handler/codec/frame/LengthFieldBasedFrameDecoder.java, 242, 9aa81cd08385702fd684e7bb1cc447617ff51247, 942b746d730566001301f8edc774d571bcbbf175
netty.netty, src/main/java/org/jboss/netty/channel/local/LocalAddress.java, 118, 47a3783d6cb0c09ee6c78c2e461bcb58fe879387, cc758aa3b638459272dc64031389bd02d60a2001
netty.netty, src/main/java/org/jboss/netty/channel/local/LocalAddress.java, 118, 8df2524bb0661d3f99a5552af297e5e47ce5d715, cc758aa3b638459272dc64031389bd02d60a2001
netty.netty, src/main/java/org/jboss/netty/handler/codec/http/HttpContentDecoder.java, 65, 6156922ad6d8d2c4965dbdd10f4f2b65b13b9e76, 88d84c537c15c7e3e6154ac7ed18b792d0b4d3c8
netty.netty, src/main/java/org/jboss/netty/handler/codec/http/HttpContentDecoder.java, 65, 6156922ad6d8d2c4965dbdd10f4f2b65b13b9e76, 88d84c537c15c7e3e6154ac7ed18b792d0b4d3c8
netty.netty, src/main/java/org/jboss/netty/handler/codec/http/HttpMessageDecoder.java, 166, ffccf71fa53541f657bc48ff471a194a6d9300cb, e8fcbd4e75ce594042f393a5cf18db01ee512628
netty.netty, src/main/java/org/jboss/netty/handler/codec/http/HttpMessageDecoder.java, 166, ffccf71fa53541f657bc48ff471a194a6d9300cb, e8fcbd4e75ce594042f393a5cf18db01ee512628
netty.netty, src/main/java/org/jboss/netty/handler/codec/http/HttpHeaders.java, 634, 7df28adfe32361be1a4d69a3282f8c8f197ac278, e0545ba58359599a5beb7b69726530369412dda5
netty.netty, src/main/java/org/jboss/netty/handler/codec/http/HttpHeaders.java, 641, 7df28adfe32361be1a4d69a3282f8c8f197ac278, e0545ba58359599a5beb7b69726530369412dda5
netty.netty, src/main/java/org/jboss/netty/handler/ssl/SslHandler.java, 938, 4b0219ee9bdb5c1a1e5c1809ce40b8d0031a773b, cbe26db0e46c8f6df28abb8319f777f0a02af1a1
netty.netty, src/main/java/org/jboss/netty/handler/ssl/SslHandler.java, 938, 4b0219ee9bdb5c1a1e5c1809ce40b8d0031a773b, cbe26db0e46c8f6df28abb8319f777f0a02af1a1
netty.netty, src/main/java/org/jboss/netty/handler/stream/ChunkedFile.java, 133, d0d25198716e23bb206e278f35ee4eeb6d00ba2c, cac77a47b265e4fd2e39fc469d0abb6d32704b72
netty.netty, src/main/java/org/jboss/netty/handler/stream/ChunkedNioFile.java, 139, d0d25198716e23bb206e278f35ee4eeb6d00ba2c, cac77a47b265e4fd2e39fc469d0abb6d32704b72
netty.netty, src/main/java/org/jboss/netty/handler/stream/ChunkedNioStream.java, 100, d0d25198716e23bb206e278f35ee4eeb6d00ba2c, cac77a47b265e4fd2e39fc469d0abb6d32704b72
netty.netty, src/main/java/org/jboss/netty/handler/stream/ChunkedStream.java, 88, d0d25198716e23bb206e278f35ee4eeb6d00ba2c, cac77a47b265e4fd2e39fc469d0abb6d32704b72
netty.netty, src/main/java/org/jboss/netty/example/local/LocalServerPipelineFactory.java, 40, cac77a47b265e4fd2e39fc469d0abb6d32704b72, 8474026c922093d6b2bdc92d21366176c18dcbb9
netty.netty, src/main/java/org/jboss/netty/channel/socket/nio/NioDatagramWorker.java, 404, 1142a1aa062ec85ca3d2f3465afdaee56fff586b, 9f123980731de93b45edcbfce6a67ec616db8fad
netty.netty, src/main/java/org/jboss/netty/util/internal/jzlib/Inflate.java, 462, 05525065b2098f17217c31298a156d6ee44494fb, e10cc133f582eaa131b0319989094c9e48c3d024
netty.netty, src/main/java/org/jboss/netty/util/internal/jzlib/Inflate.java, 474, 05525065b2098f17217c31298a156d6ee44494fb, e10cc133f582eaa131b0319989094c9e48c3d024
netty.netty, src/main/java/org/jboss/netty/buffer/ChannelBuffers.java, 296, 588cfa851896440f9d1208654e33ed480a33e7da, e67e99a8475aadaeecafbdf2a7a6508423102415
netty.netty, src/main/java/org/jboss/netty/handler/codec/http/CookieDecoder.java, 84, e67e99a8475aadaeecafbdf2a7a6508423102415, 3179d8094ed773167efafeb955d9fb73a8b3d5d8
netty.netty, src/main/java/org/jboss/netty/handler/timeout/IdleStateAwareChannelHandler.java, 52, 219647385ab87ee13107a9f4e571964f5527ebf5, 65e7a351bd87e14415c4135c399c5645df17f6b1
netty.netty, src/main/java/org/jboss/netty/handler/timeout/IdleStateAwareChannelUpstreamHandler.java, 52, 219647385ab87ee13107a9f4e571964f5527ebf5, 65e7a351bd87e14415c4135c399c5645df17f6b1
netty.netty, src/main/java/org/jboss/netty/channel/SimpleChannelHandler.java, 137, edd056d3deb35b7f5b35ec3504ff0ce1e7863203, b9c8675cf1c5818985b7bec834bd8995de551527
netty.netty, src/main/java/org/jboss/netty/channel/SimpleChannelHandler.java, 137, edd056d3deb35b7f5b35ec3504ff0ce1e7863203, b9c8675cf1c5818985b7bec834bd8995de551527
netty.netty, src/main/java/org/jboss/netty/channel/SimpleChannelUpstreamHandler.java, 119, edd056d3deb35b7f5b35ec3504ff0ce1e7863203, b9c8675cf1c5818985b7bec834bd8995de551527
netty.netty, src/main/java/org/jboss/netty/channel/SimpleChannelUpstreamHandler.java, 119, edd056d3deb35b7f5b35ec3504ff0ce1e7863203, b9c8675cf1c5818985b7bec834bd8995de551527
netty.netty, src/main/java/org/jboss/netty/channel/local/DefaultLocalChannel.java, 117, 4497d9362a4347a82acc9d611df544eb64e2ca18, 580a6e491a91fe4d53b43630440f952e376f7156
netty.netty, src/main/java/org/jboss/netty/handler/codec/replay/ReplayingDecoder.java, 446, d0ee16781a214f8470462334346519b762c5b72b, c55c25291a0ea045f6e6ddb63a03997b499e2ab4
netty.netty, src/main/java/org/jboss/netty/buffer/CompositeChannelBuffer.java, 223, 35ac9ef38e0ebf8c9abb718e66d0206a1c943260, cd3859b002aa743d0094e1d7b7fa682ee3084c73
netty.netty, src/main/java/org/jboss/netty/container/spring/NettyResourceFactory.java, 63, 9e623c9cb121353e3624042afde411b321e10999, 7d00231a60e91b988ecea2a1d53a1d04c60f19c1
netty.netty, src/main/java/org/jboss/netty/container/microcontainer/NettyResourceFactory.java, 66, 7d00231a60e91b988ecea2a1d53a1d04c60f19c1, 39cc4bc3fb0b8ea78067028d377dad641e9adb38
netty.netty, src/main/java/org/jboss/netty/handler/timeout/IdleStateHandler.java, 240, 5f2f072d694275f750d1ee139386cc64a0670f4f, c153fd5bd099ed2490a9914b7379661fb24078b3
netty.netty, src/main/java/org/jboss/netty/handler/timeout/IdleStateHandler.java, 274, 5f2f072d694275f750d1ee139386cc64a0670f4f, c153fd5bd099ed2490a9914b7379661fb24078b3
netty.netty, src/main/java/org/jboss/netty/handler/codec/http/DefaultHttpChunk.java, 41, 2ac8d11a343bbfeade6ff19c4b11800e6c37ab62, 44d56d2c1a002f98939ba73249bc4ae4e5bf4a35
netty.netty, src/main/java/org/jboss/netty/util/TimeBasedUuidGenerator.java, 98, 1924e30482861bbfd3c9a5d97b1be655777e9ed7, bcbd0f92387e4f07eb453aa68b2db8798e94b0fe
netty.netty, src/main/java/org/jboss/netty/example/localtime/LocalTimeServerHandler.java, 86, a865090d7a1c503590c4b5726cf9ee56b3cf20aa, a59862e8d182c113d6c37258dd8fc156bca4cbfe
netty.netty, src/main/java/org/jboss/netty/channel/LifeCycleAwareChannelHandler.java, 25, 5eec9ac58cb4f2fe2518ef21b07845c7cf4c7b99, 891821788a2e5626005bbf4588cc8ba7316c816f
netty.netty, src/main/java/org/jboss/netty/buffer/AbstractChannelBuffer.java, 270, 549145687e2d5f1b5a3e4f536849082cf85e274b, df2f9d9d50510eeffdc1e29fce74172edd2beef5
netty.netty, src/main/java/org/jboss/netty/buffer/CompositeChannelBuffer.java, 264, d8cd49c1b725a5e0a9355a25d6fa7ce887774138, 33187d0285e1c48f1fb4953f1199a53e123da6a6
netty.netty, src/main/java/org/jboss/netty/buffer/ChannelBuffers.java, 104, 33187d0285e1c48f1fb4953f1199a53e123da6a6, 3a2a7a3a3c3584c9bbd20f892e4ab666a29f4820
netty.netty, src/main/java/org/jboss/netty/buffer/ChannelBufferInputStream.java, 235, 88833d9ded6949e03de3a98ccff67c67b2c6e551, a4edbd444e3cb1afb981eef3de5b96d7f74cff3d
netty.netty, src/main/java/org/jboss/netty/handler/ssl/SslHandler.java, 506, 07f17cfd4f51a397ebd058bd047ec330f8d4b572, 66f7d5a800517dcb788c736c2ef482e669c7de15
netty.netty, src/main/java/org/jboss/netty/handler/ssl/SslHandler.java, 518, 07f17cfd4f51a397ebd058bd047ec330f8d4b572, 66f7d5a800517dcb788c736c2ef482e669c7de15
netty.netty, src/main/java/org/jboss/netty/handler/codec/serialization/ObjectEncoderOutputStream.java, 52, 65eda0902d61438898fb15acc5828ff68fc2160e, c76451b874dcf22962b09c3d538d978a0ae2c723
