perwendel.spark, src/main/java/spark/ExceptionHandler.java, 16, e2854295f7c484671ce69bff7ec37fcb0c413a32, c2c976107dfcc44fbd6bc2af8435b2c440ca592d
perwendel.spark, src/main/java/spark/ExceptionHandlerImpl.java, 23, e2854295f7c484671ce69bff7ec37fcb0c413a32, c2c976107dfcc44fbd6bc2af8435b2c440ca592d
perwendel.spark, src/main/java/spark/ExceptionHandlerImpl.java, 39, e2854295f7c484671ce69bff7ec37fcb0c413a32, c2c976107dfcc44fbd6bc2af8435b2c440ca592d
perwendel.spark, src/main/java/spark/ExceptionHandlerImpl.java, 48, e2854295f7c484671ce69bff7ec37fcb0c413a32, c2c976107dfcc44fbd6bc2af8435b2c440ca592d
perwendel.spark, src/main/java/spark/ExceptionHandlerImpl.java, 59, e2854295f7c484671ce69bff7ec37fcb0c413a32, c2c976107dfcc44fbd6bc2af8435b2c440ca592d
perwendel.spark, src/main/java/spark/Service.java, 549, e2854295f7c484671ce69bff7ec37fcb0c413a32, c2c976107dfcc44fbd6bc2af8435b2c440ca592d
perwendel.spark, src/main/java/spark/ExceptionHandler.java, 16, 5755cf96d1689e1eda7dd2d7e03f1eff3bf5a074, ddda7e5bae297e7f3c356a35d29134015262bb49
perwendel.spark, src/main/java/spark/ExceptionHandlerImpl.java, 23, 5755cf96d1689e1eda7dd2d7e03f1eff3bf5a074, ddda7e5bae297e7f3c356a35d29134015262bb49
perwendel.spark, src/main/java/spark/ExceptionHandlerImpl.java, 39, 5755cf96d1689e1eda7dd2d7e03f1eff3bf5a074, ddda7e5bae297e7f3c356a35d29134015262bb49
perwendel.spark, src/main/java/spark/ExceptionHandlerImpl.java, 48, 5755cf96d1689e1eda7dd2d7e03f1eff3bf5a074, ddda7e5bae297e7f3c356a35d29134015262bb49
perwendel.spark, src/main/java/spark/ExceptionHandlerImpl.java, 59, 5755cf96d1689e1eda7dd2d7e03f1eff3bf5a074, ddda7e5bae297e7f3c356a35d29134015262bb49
perwendel.spark, src/main/java/spark/Service.java, 547, 5755cf96d1689e1eda7dd2d7e03f1eff3bf5a074, ddda7e5bae297e7f3c356a35d29134015262bb49
perwendel.spark, src/main/java/spark/CustomErrorPages.java, 38, 14ac271dc3a6481600560da99341aba0c692e0ce, a6630fb527f3853aa94a4e8fbe16f693bcb49bbe
perwendel.spark, src/main/java/spark/http/matching/MatcherFilter.java, 149, 5f1632dd4a5274c4180b4b35b778e198b1ddd8ff, 3fd18a93e0ca4dbe1e50aefb88d084c7ab28bb72
perwendel.spark, src/main/java/spark/Service.java, 334, 8659914038f88e67dc9bd80c4e0c57bb341e07c0, fe04aad00b3c3238b55791e5cbbfecfce7a3ec88
perwendel.spark, src/main/java/spark/Service.java, 350, 8659914038f88e67dc9bd80c4e0c57bb341e07c0, fe04aad00b3c3238b55791e5cbbfecfce7a3ec88
perwendel.spark, src/main/java/spark/ExceptionMapper.java, 28, 95e4c74b9add0a315b7611494f2557df966bb681, e13efa33a4e0c41cf8bfc19c16600c3b6327857d
perwendel.spark, src/main/java/spark/staticfiles/StaticFiles.java, 81, 95e4c74b9add0a315b7611494f2557df966bb681, e13efa33a4e0c41cf8bfc19c16600c3b6327857d
perwendel.spark, src/main/java/spark/staticfiles/StaticFiles.java, 110, 95e4c74b9add0a315b7611494f2557df966bb681, e13efa33a4e0c41cf8bfc19c16600c3b6327857d
perwendel.spark, src/test/java/spark/servlet/MyApp.java, 20, 95e4c74b9add0a315b7611494f2557df966bb681, e13efa33a4e0c41cf8bfc19c16600c3b6327857d
perwendel.spark, src/main/java/spark/ExceptionMapper.java, 28, 71775a876d1b049c7dfc49ffd35eff0d3f066691, 127eef4a87625944ae2138ab946c0adcb634e35b
perwendel.spark, src/main/java/spark/staticfiles/StaticFiles.java, 81, 71775a876d1b049c7dfc49ffd35eff0d3f066691, 127eef4a87625944ae2138ab946c0adcb634e35b
perwendel.spark, src/main/java/spark/staticfiles/StaticFiles.java, 110, 71775a876d1b049c7dfc49ffd35eff0d3f066691, 127eef4a87625944ae2138ab946c0adcb634e35b
perwendel.spark, src/test/java/spark/servlet/MyApp.java, 20, 71775a876d1b049c7dfc49ffd35eff0d3f066691, 127eef4a87625944ae2138ab946c0adcb634e35b
perwendel.spark, src/test/java/spark/BodyAvailabilityTest.java, 18, 25d3a4a8d1dd6ac70b7dd7d6579893900e6d8448, 3a1742136a77d57c99b7adb6755e5e6743c518c3
perwendel.spark, src/main/java/spark/Route.java, 8, c7600eb5aacdf011e31428a29dbc7e851bb52f84, a249882d50c124dd1d7e45d2226d6205fa93fa89
perwendel.spark, src/main/java/spark/Route.java, 8, 804a4f6d215851ce262eb7f2c1aada5e573edeb5, 895fb2d4ced38833493d64b6bf0e116d1f1d69d7
perwendel.spark, src/test/java/spark/BooksIntegrationTest.java, 170, 27fd2f243c6ed593596d06ca42e1892059ae6ffc, 8b901b146a139c8e59983d81c1d4574ac7bc9ca5
perwendel.spark, src/test/java/spark/BooksIntegrationTest.java, 170, 27fd2f243c6ed593596d06ca42e1892059ae6ffc, 8b901b146a139c8e59983d81c1d4574ac7bc9ca5
